Post Created Date,Post Created Time,Total Interactions,Likes,Comments,Shares,Love,Wow,Haha,Sad,Angry,Care,Message,Link,Score,comment_csv,comment_neg,comment_pos,comment_total,timestamp,week_day,time_slot,polarity,polarity_class,polarity_comment
07-05-18,8:37:32,"4,597",2264,341,117,1750,46,34,1,6,38,"Hey Folkss, In this video, we covered one of Dhanmondhi's first Sushi places and it's none other than Tao Town. Make sure to tag 2 of your friends for No Reason at All. If you enjoyed the content make sure to SMASH that Like button. MAKE SURE TOOO COMMENT Which Restuarant you want me to Cover next !!!!!! #TaoTown",https://www.facebook.com/Rafsanthechotobhai/videos/2030692410583733/,-14.58,rafsan_1,5,25,30,2018-05-07 13:37:32,monday,14,0.9562666666666667,7,0.6666666666666666
01-06-18,5:14:02,"1,260",643,106,100,367,24,11,2,3,4,"Hey Folks, I STARTED UPLOADING ON YOUTUBE !!! And In this segment, we decided to try out one of the most popular coffee places Dhaka has to offer, Crimson Cup BD. Make sure to watch the video to find out if it was truly the Ohio experience. For Better Quality : https://www.youtube.com/watch?v=vVPVyXfzYVM Cinmenatography and Editing by Salman Sadi Social Media Links in the comments Instagram : https://www.instagram.com/rafsan_tcb/ Salman Sadi' YouTube Channel : https://www.youtube.com/channel/UCF-88Dp0t-gYY8BhU_NeBlw",https://www.facebook.com/Rafsanthechotobhai/videos/2044195499233424/,-53.2,rafsan_2,2,28,30,2018-06-01 10:14:02,friday,11,0.9221411192214112,7,0.8666666666666667
16-07-18,10:48:03,"2,069",1139,240,92,529,34,23,4,1,7,"Aaaand we are back with another video ! In this Series, we are in search for the best Burger Dhaka has to offer A few days back Chillox claimed they had the best burgers or something? Let's put it to the test shall we? Chillox vs Takeout Make sure to check out the video to see who won. Instagram : www.instagram.com/rafsan_tcb:=:https://www.instagram.com/rafsan_tcb/ Cinmenatography and Editing by Salman Sadi",https://www.facebook.com/Rafsanthechotobhai/videos/2085941818392125/,-32.4,rafsan_3,4,25,29,2018-07-16 15:48:03,monday,16,0.9063545150501672,7,0.7241379310344828
20-08-18,10:33:01,"6,771",3432,121,96,2911,34,103,2,3,69,"In this video,we'll be making sure the Eiddie you'll be receiving is gonna be put to proper use ;) We make way onto Madchef to find out what we can get under Tk 500 to satisfy our Food Cravings. This video was a collaboration with Togbog so,make sure to check them out on Facebook. Cinematography by Salman Sadi Directed by Ekramul Haque For Better Quality, Check the video on YouTube https://www.youtube.com/watch?v=MgjCQNJyn7E& Make sure to follow us on Instagram ! https://www.instagram.com/rafsan_tcb:=:https://www.instagram.com/rafsan_tcb/ --> Iftekhar Rafsan https://www.instagram.com/ekrumul:=:https://www.instagram.com/ekrumul/ --> Ekramul Hauqe",https://www.facebook.com/Rafsanthechotobhai/videos/659502387783147/,-9.9,rafsan_4,6,24,30,2018-08-20 15:33:01,monday,16,0.9308135810377963,7,0.6
19-10-18,8:27:43,"4,648",2458,729,138,1048,128,123,6,12,6,"This is a new Food Vlog Series called ""I'm on a Budget"" We decided to check this new place in Banani called, Kungfu Dumpings (KFD) and it's pretty cheap, like 12 dumplings costs like only 200Tk In this segment, I'm broke like 24/7 with only 500 taka and I try to find restaurants which are cheap(within a budget) but don't compromise on the quality of the food either. For Better Quality : https://www.youtube.com/watch?v=WQeVr7rbHlI&feature=youtu.be Cinmenatography and Editing done by Salman Sadi Make sure to check follow me on Instagram : https://www.instagram.com/thechotobhai/",https://www.facebook.com/Rafsanthechotobhai/videos/543732262706670/,-14.42,rafsan_5,7,22,29,2018-10-19 13:27:43,friday,14,0.7868480725623582,7,0.5172413793103449
28-10-18,12:35:22,840,416,102,46,218,4,51,0,1,2,Check out the Most Happening Deal of the town from none other than Takeout. Videos under a minute do you love the concept? For Better Quality: https://youtu.be/RL7lvM0tnVM:=:https://www.youtube.com/watch?v=RL7lvM0tnVM&feature=youtu.be Socials : www.instagram.com/thechotobhai/:=:https://www.instagram.com/thechotobhai/ (Instagram) https://goo.gl/TDb35N:=:https://www.youtube.com/channel/UCxbyDapSavjgvdtpcJ2BJKw (YouTube New Channel) Iftekhar_Rafsan (SnapChat) #takeout #foodpanda #rafsanthechotobhai,https://www.facebook.com/Rafsanthechotobhai/videos/559841624454033/,-79.8,rafsan_6,10,20,30,2018-10-28 17:35:22,sunday,18,0.6231884057971014,6,0.3333333333333333
08-11-18,9:00:01,"5,980",2747,352,130,2575,57,59,1,4,55,"So Dhaka is like big enough for one Fish & Chips place and it's either, The Manhattan FISH MARKET Bangladesh or Fish & Co. Bangladesh. For Better Quality check it on YouTube : https://youtu.be/xCAkUBD7UI4:=:https://www.youtube.com/watch?v=xCAkUBD7UI4&feature=youtu.be Also, there was a lot of recent controversy behind Manhattan Fish Market so,make sure to watch the video and find out. Cinematography by Arshiyaan Ahmed. Make sure to follow my socialss : https://www.instagram.com/thechotobhai/",https://www.facebook.com/Rafsanthechotobhai/videos/1473601019441119/,-11.21,rafsan_7,7,23,30,2018-11-08 14:00:01,thursday,15,0.9534714649218466,7,0.5333333333333333
26-11-18,10:31:14,"1,179",604,86,45,277,13,147,0,4,3,"This is a very different kind of video, where I ordered food from Cookups FIT and reviewed the food at my home. Let me know if you want these kinds of videos in the comment section. Use the PROMO CODE ""RAFSANCU"" for your First Delivery to be completely Free. Click here to order: http://www.cookups.com.bd/feed:=:https://cookups.com.bd/feed YouTube Link : https://youtu.be/PzlDtBBZ9pw:=:https://www.youtube.com/watch?v=PzlDtBBZ9pw&feature=youtu.be Instagram : www.instagram.com/thechotobhai/:=:https://www.instagram.com/thechotobhai/ My Older brother's Instagram : www.instagram.com/nafis_rafsan/:=:https://www.instagram.com/nafis_rafsan/",https://www.facebook.com/Rafsanthechotobhai/videos/329755987837708/,-56.86,rafsan_8,11,16,27,2018-11-26 15:31:14,monday,16,0.31981981981981983,5,0.18518518518518517
14-12-18,4:14:48,"3,716",1726,646,129,724,35,445,3,4,4,"So we decided to check out the new Hyped Pizza place in Dhaka,Cheez , which is also a project by Madchef. YouTube : https://youtu.be/0K0xAGxj7jk:=:https://www.youtube.com/watch?v=0K0xAGxj7jk&feature=youtu.be Instagram : www.instagram.com/thechotobhai/:=:https://www.instagram.com/thechotobhai/",https://www.facebook.com/Rafsanthechotobhai/videos/2260360580862340/,-18.04,rafsan_9,12,18,30,2018-12-14 09:14:48,friday,10,0.2559670781893004,5,0.2
31-12-18,6:48:11,"6,028",2612,292,87,1075,32,1911,13,4,2,Everyone knows that I am such a Takeout Fanboy but recently their Burgers are Horrible. Let me know what you guys think in the comment section below? Youtube : https://youtu.be/gWqT8KB39vA:=:https://www.youtube.com/watch?v=gWqT8KB39vA&feature=youtu.be Instagram : www.instagram.com/thechotobhai:=:https://www.instagram.com/thechotobhai/ My Brother's Instagram : www.instagram.com/nafis_rafsan:=:https://www.instagram.com/nafis_rafsan/,https://www.facebook.com/Rafsanthechotobhai/videos/2259730517604468/,-11.12,rafsan_10,7,22,29,2018-12-31 11:48:11,monday,12,-0.2696740204148831,2,0.5172413793103449
24-01-19,8:52:39,"5,379",3004,537,89,1257,58,424,0,4,6,"This is basically my most favorite shawarma place in Dhaka and it's none other than ""Fu Wang"" Make sure to use my PROMO Code ""Rafsan100"" to get 100Taka off on your first delivery from Shohoz YouTube : https://youtu.be/AXatoh9s0yc:=:https://www.youtube.com/watch?v=AXatoh9s0yc&feature=youtu.be Instagram : www.instagram.com/thechotobhai:=:https://www.instagram.com/thechotobhai/",https://www.facebook.com/Rafsanthechotobhai/videos/2385419295010967/,-12.46,rafsan_11,7,23,30,2019-01-24 13:52:39,thursday,14,0.5105774728416238,6,0.5333333333333333
31-01-19,9:03:00,"11,841",6512,930,144,2712,138,1357,22,19,7,"In this Video, we decided to check this Fine-Dining place and it's called Shaw's Steakhouse YouTube : https://youtu.be/Q3Uvbj3jSRY:=:https://www.youtube.com/watch?v=Q3Uvbj3jSRY&feature=youtu.be Instagram : http://instagram.com/thechotobhai:=:https://instagram.com/thechotobhai/",https://www.facebook.com/Rafsanthechotobhai/videos/383529789165685/,-5.66,rafsan_12,8,22,30,2019-01-31 14:03:00,thursday,15,0.34289071680376026,5,0.4666666666666667
08-03-19,10:00:03,"1,019",504,134,12,328,20,13,2,0,6,"Soo, we decided to check out Preetom, the last time I came here I left without paying üòï Please make sure to subscribe to my YouTube Channel <3 Make sure to use my PROMO Code ""Rafsan100"" to get 100Taka off on your first delivery from Shohoz YouTube : https://youtu.be/AAzyODG6NyA:=:https://www.youtube.com/watch?v=AAzyODG6NyA&feature=youtu.be Instagram : www.instagram.com/thechotobhai:=:https://www.instagram.com/thechotobhai/",https://www.facebook.com/Rafsanthechotobhai/videos/592420184590220/,-65.79,rafsan_13,8,22,30,2019-03-08 15:00:03,friday,16,0.9186991869918699,7,0.4666666666666667
16-03-19,4:00:00,"13,359",7037,1446,193,2950,131,1556,11,29,6,"So there is this really underrated place TBC- Dhanmondi in Dhanmondi or Lalmatia(IDK lemme know in the comment section). We got to try this huge Bridge full of Sushi as well as 16 pieces of Fried Chicken at a really cheap price. Btw, Free Ice-Cream with any order if you mention ""Chotobhai Pathaise"" YouTube : https://youtu.be/Hs7TijuIw5s:=:https://www.youtube.com/watch?v=Hs7TijuIw5s&feature=youtu.be Instagram : https://www.instagram.com/thechotobhai/ Hugeshout to Arshiyaan Ahmed for helping me film this video. Arshiyaan's Instagram : https://www.instagram.com/arshiyaan12/",https://www.facebook.com/Rafsanthechotobhai/videos/633850037065048/,-5.02,rafsan_14,14,16,30,2019-03-16 09:00:00,saturday,10,0.3183856502242152,5,0.06666666666666667
08-04-19,9:00:01,"5,729",3088,431,59,1385,71,676,5,10,4,We decided to check out this Mexican Place at Chef's Table BD Watch it on better quality on YouTube : www.youtube.com/watch?v=v2AGuQ94ONw:=:https://www.youtube.com/watch?v=v2AGuQ94ONw Instagram : www.instagram.com/thechotobhai:=:https://www.instagram.com/thechotobhai/,https://www.facebook.com/Rafsanthechotobhai/videos/561792520980478/,-11.7,rafsan_15,4,26,30,2019-04-08 14:00:01,monday,15,0.3575081357508136,5,0.7333333333333333
26-04-19,4:00:02,846,446,60,47,208,7,72,2,1,3,"So I decided to Unbox and Review the MSI's Trident 3 MSI Trident 3 is the world‚Äôs smallest true gaming PC, extreme compact, same desktop performance. Watch at Better Quality : https://youtu.be/dMI2lK09XdI:=:https://www.youtube.com/watch?v=dMI2lK09XdI&feature=youtu.be Give me some Feedback if I should continue doing PC/Mobile Hardware reviews.",https://www.facebook.com/Rafsanthechotobhai/videos/2433529793337260/,-79.24,rafsan_16,3,24,27,2019-04-26 09:00:02,friday,10,0.4880546075085324,5,0.7777777777777778
03-05-19,4:00:00,"11,377",6001,1136,241,1836,72,2025,7,32,27,"So we decided check out the Biryani Festival in Jamuna Future Park In the Festival, we got to try 4 types of Biryanis : Watch it on higher quality on YouTube: https://youtu.be/5X5lp56pKQE:=:https://www.youtube.com/watch?v=5X5lp56pKQE&feature=youtu.be My Instagram : www.instagram.com/thechotobhai:=:https://www.instagram.com/thechotobhai/ Cinematorygraphy by Arshiyaan Ahmed",https://www.facebook.com/Rafsanthechotobhai/videos/411967812714902/,-5.89,rafsan_17,6,24,30,2019-05-03 09:00:00,friday,10,-0.03225806451612903,3,0.6
11-05-19,3:29:14,"26,423",4116,2697,1798,1948,51,15707,32,34,40,Soo Gelatissimo Bangladesh recently introduced a platter for their Ramadan offer which seemed ridiculous. So I decided to serve them some justice do check it out Watch it on YouTube : youtu.be/tboAkNgl_8Y:=:https://www.youtube.com/watch?v=tboAkNgl_8Y&feature=youtu.be My Personal Instagram : instagram.com/thechotobhai:=:https://instagram.com/thechotobhai/,https://www.facebook.com/Rafsanthechotobhai/videos/301399717440941/,-2.54,rafsan_18,11,19,30,2019-05-11 08:29:14,saturday,9,-0.7710532225465978,0,0.26666666666666666
23-05-19,3:30:00,"12,849",6715,1083,169,3328,111,1387,17,22,17,"So I found out that Cheez was voted the ""Best Iftar Place"" in FoodBank in Dhaka. 6 different types of Pizza and unlimited drinks I added a different element to the video which you can observe from 3:14 Watch it in better quality on YouTube : https://youtu.be/jxmwtfqYZfA:=:https://www.youtube.com/watch?v=jxmwtfqYZfA&feature=youtu.be My Instagram : www.instagram.com/thechotobhai:=:https://www.instagram.com/thechotobhai/ My Cinematographer for this video ---> Raahib ReZa",https://www.facebook.com/Rafsanthechotobhai/videos/286884485527696/,-5.22,rafsan_19,9,21,30,2019-05-23 08:30:00,thursday,9,0.4158131913150348,5,0.4
01-06-19,3:00:00,"13,391",5580,777,201,3582,53,3140,19,24,15,"In this Video, we officially settle which Jilapi tastes better, Mota Jilapi or Chikon Jilapi. Also, we try the best Jilapi in Bangladesh. Location : There are 2 Khazanas, the original one is exactly Opposite to Butler's Cafe Watch it on YouTube at Better Quality : https://youtu.be/Xwxx7DgTCDU:=:https://www.youtube.com/watch?v=Xwxx7DgTCDU&feature=youtu.be Make sure to share the video with the hashtag #ChotoGhash to get the chance to win a ""Free Bowling Shirt"" My dope cinematographer Arshiyaan Ahmed My Instagram : www.instagram.com/thechotobhai:=:https://www.instagram.com/thechotobhai/",https://www.facebook.com/Rafsanthechotobhai/videos/296949831181916/,-5.01,rafsan_20,9,21,30,2019-06-01 08:00:00,saturday,9,0.06834479730718572,4,0.4
22-06-19,2:30:00,"65,984",21688,5027,4409,5586,319,27842,324,685,104,"So yesterday I went to this Budget Takeout A.K.A Takeout 2.O Cafe & Restaurant to check the place out and they started screaming je ""Negative Review"" ditesen keno THEN THEY KICKED US OUT! Have you had any negative experiences there? Then do share in the comment section below, let's BRING JUSTICE TO YOU GUYS! Watch it on high quality at YouTube : https://youtu.be/3uR_YUSzWQM:=:https://www.youtube.com/watch?v=3uR_YUSzWQM&feature=youtu.be My Instagram : www.instagram.com/thechotobhai:=:https://www.instagram.com/thechotobhai/ Cinematography by Arshiyaan Ahmed Instagram : www.instagram.com/Arshiyaan12:=:https://www.instagram.com/Arshiyaan12/ Make sure to share the video if you agree with me!",https://www.facebook.com/Rafsanthechotobhai/videos/353613495325848/,-1.02,rafsan_21,11,18,29,2019-06-22 07:30:00,saturday,8,-0.655249569707401,1,0.2413793103448276
24-06-19,8:00:01,"15,970",6594,568,330,6711,66,1660,22,13,6,"This is my final message to everyone regarding the Takeout 2.0 incident and thank you soo much for the overwhelming response guys. Btw, there is a lot of rumours so I decided to talk about them üòâ Watch it on Better Quality on YouTube : https://youtu.be/hslPRlNQ93A:=:https://www.youtube.com/watch?v=hslPRlNQ93A&feature=youtu.be My Instagram : instagram.com/thechotobhai:=:https://instagram.com/thechotobhai/ My Cinematographer Marzan",https://www.facebook.com/Rafsanthechotobhai/videos/388002258509742/,-4.2,rafsan_22,14,16,30,2019-06-24 13:00:01,monday,14,0.6001415428167021,6,0.06666666666666667
06-07-19,2:30:00,"24,810",11171,2800,237,6304,306,3889,36,62,5,"So we decided to check this ""fishy place"" out in Dhanmondi where they sell unusually good Meat Platters, everything for under 2000 Taka Use the Promo Code ""Chotobhai Pathaise"" to get a free 100TK Drink For Better Quality check it on YouTube : https://youtu.be/hN7miLZVNog:=:https://www.youtube.com/watch?v=hN7miLZVNog This beautiful piece was shot by Mohammed Jabed Check out his Insta : instagram.com/mjabed:=:http://instagram.com/mjabed.films My Personal Instagram : Instagram.com/thechotobhai:=:https://www.instagram.com/thechotobhai/",https://www.facebook.com/Rafsanthechotobhai/videos/351675122156759/,-2.7,rafsan_23,10,18,28,2019-07-06 07:30:00,saturday,8,0.24787775891341257,4,0.2857142857142857
12-07-19,4:30:01,"8,322",3685,966,293,2806,100,447,7,11,7,I just opened a restaurant and I want you guys to come and review it for me at Habiby's !! It's located in Tejgaon and 5 Lucky People who share this video will get the chance to get free shawarmas with ME Watch it on High Quality : https://youtu.be/Fh-96JkgwU0:=:https://www.youtube.com/watch?v=Fh-96JkgwU0&feature=youtu.be My Instagram : instagram.com/thechotobhai:=:https://instagram.com/thechotobhai/ My Cinematograhper Arshiyaan Ahmed His Instagram : instagram.com/Arshiyaan12:=:https://instagram.com/Arshiyaan12/,https://www.facebook.com/Rafsanthechotobhai/videos/2467046743378772/,-8.06,rafsan_24,6,24,30,2019-07-12 09:30:01,friday,10,0.7246891651865008,6,0.6
19-07-19,4:30:00,"8,327",4277,515,75,2451,52,916,10,25,6,Soo we decided to check out this super underrated Burger Place in Dhanmondi Watch it on Better Quality on YouTube : https://youtu.be/CayiHaG3tUM:=:https://www.youtube.com/watch?v=CayiHaG3tUM&feature=youtu.be Instagram : instagram.com/thechotobhai:=:https://instagram.com/thechotobhai/,https://www.facebook.com/Rafsanthechotobhai/videos/479811919515978/,-8.05,rafsan_25,13,16,29,2019-07-19 09:30:00,friday,10,0.4502890173410405,5,0.10344827586206896
02-08-19,4:00:00,"68,426",29385,2096,1036,26123,402,8998,57,126,203,"So I decided to review this Gourmet burger shop called Farmhouse Burger Burgers but they wouldn‚Äôt let me video Because ‚ÄúI am Rafsan?‚Äù I‚Äôve an Open Challenge to every Influencer BTW üôÇ #ChotoBhaiChallenge Btw, Takeout should give me ""Free Burgers"" for life for the publicity at 8:30 Please feel free to contact my agent Watch it in High Quality on YouTube : https://youtu.be/E7WLm9gSt3M:=:https://www.youtube.com/watch?v=E7WLm9gSt3M&feature=youtu.be Follow my Personal Instagram : Instagram.com/thechotobhai Follow my Brother‚Äôs Insta Nafis Rafsan : Instagram.com/Nafis_Rafsan",https://www.facebook.com/Rafsanthechotobhai/videos/438336073431790/,1.02,rafsan_26,12,18,30,2019-08-02 09:00:00,friday,10,0.4886518700047342,5,0.2
27-10-19,10:19:51,"157,769",15003,4007,13376,2064,297,122292,203,379,148,THE ENTIRE COUNTRY GATHERED TO WITNESS THIS ONCE IN A LIFETIME MOMENT!,https://www.facebook.com/Rafsanthechotobhai/videos/2963190633709226/,2.35,rafsan_27,14,16,30,2019-10-27 15:19:51,sunday,16,-0.959978625491494,0,0.06666666666666667
11-11-19,6:30:00,"26,667",9493,1125,326,12019,146,3459,15,58,26,We decided to try some khichuri during Cyclone Bulbul Cute umbrellas from Miniso Bangladesh For Better Quality : https://youtu.be/n4oS8eT1G4U:=:https://www.youtube.com/watch?v=n4oS8eT1G4U&feature=youtu.be My Personal Instagram : https://www.Instagram.com/thechotobhai Justice by Chotobhai Merchandise : https://www.Instagram.com/justicebychotobhai I bought the Crep Protect from Attyrs Sheikh Iqram Mahbub 's(cinematographer) Instagram : https://www.Instagram.com/iqram0920 Shahbaz Rashid's Instagram : https://www.Instagram.com/shabzu12 Arshiyaan Ahmed's Instagram : https://www.Instagram.com/arshiyaan12,https://www.facebook.com/Rafsanthechotobhai/videos/662178960981618/,-2.51,rafsan_28,3,27,30,2019-11-11 11:30:00,monday,12,0.5507218724162055,6,0.8
15-11-19,9:01:28,"150,232",48898,1444,3095,26849,331,68359,202,89,965,Watch till the end! My Instagram: www.instagram.com/thechotobhai:=:https://www.instagram.com/accounts/login/,https://www.facebook.com/Rafsanthechotobhai/videos/1289835967856295/,2.24,rafsan_29,7,22,29,2019-11-15 14:01:28,friday,15,-0.4184616974017253,2,0.5172413793103449
16-11-19,3:00:03,"144,121",58734,3201,855,29180,776,50209,65,351,750,Okay so apparently Tagore Terrace sell Jhalmuri for 120 Taka soo we compared it with a Streetside 10 Taka Jhalmuri Watch it on better quality : https://youtu.be/V8vDkAhSzfs:=:https://www.youtube.com/watch?v=V8vDkAhSzfs&feature=youtu.be My Personal Instagram : www.instagram.com/thechotobhai:=:https://www.instagram.com/accounts/login/ Arshiyaan Ahmed's Insta : www.Instagram.com/arshiyaan12:=:http://www.Instagram.com/arshiyaan12 Beats by Kadin Ehsan Imdad Insta : www.Instagram.com/itsmekadin:=:http://www.Instagram.com/itsmekadin,https://www.facebook.com/Rafsanthechotobhai/videos/555101478397271/,2.15,rafsan_30,10,20,30,2019-11-16 08:00:03,saturday,9,-0.24491276389076735,3,0.3333333333333333
21-11-19,2:30:01,"34,563",15593,1311,174,11802,174,5269,31,41,168,"In this video, we tried the spiciest wings in Dhaka, it was soo spicy we couldn‚Äôt feel the chicken Better Quality : https://youtu.be/Wi3A3cO3nGA:=:https://www.youtube.com/watch?v=Wi3A3cO3nGA&feature=youtu.be My Personal Instagram : www.instagram.com/thechotobhai:=:https://www.instagram.com/thechotobhai/ I am collaborating with Marble Slab Creamery Bangladesh to raise money for the underprivileged kids on the occasion Universal Children‚Äôs Day. For every ice cream sold between 21st Nov to 23rd Nov, 40 taka will be donated to charity. My Cinematographer‚Äôs Aasman Hossain Instagram : www.instagram.com/carbola:=:https://www.instagram.com/carbola/ My Editor‚Äôs Zufer Islam Instagram : www.Instagram.com/zzufer",https://www.facebook.com/Rafsanthechotobhai/videos/1426726590819057/,-1.94,rafsan_31,10,19,29,2019-11-21 07:30:01,thursday,8,0.38907635115813555,5,0.3103448275862069
30-11-19,7:00:00,"76,208",39219,1999,567,22704,526,10625,45,132,391,"In this Video, we decided to check out Khana khazana Indian Restaurant Dhaka which is run by the celebrity Chef Sanjeev Kapoor Watch The showdown in high Quality : https://youtu.be/S7JhIWchhLE:=:https://www.youtube.com/watch?v=S7JhIWchhLE&feature=youtu.be My Personal Instagram : www.Instagram.com/thechotobhai:=:https://www.instagram.com/accounts/login/ Justice by Chotobhai Merchandise : www.Instagram.com/justicebychotobhai:=:https://www.instagram.com/accounts/login/ My cinematographer Aasman's Insta : www.Instagram.com/carbola:=:https://www.instagram.com/accounts/login/",https://www.facebook.com/Rafsanthechotobhai/videos/2560260437398295/,1.14,rafsan_32,6,24,30,2019-11-30 12:00:00,saturday,13,0.3723963628969003,5,0.6
05-12-19,7:57:00,"11,023",3915,486,537,5012,767,271,2,6,27,"This is the official Music Video for Justice with Shiven Sen Gupta Merchandise Meet & Greet: www.facebook.com/events/726522864505772/:=:https://www.facebook.com/events/726522864505772/ My Personal Instagram : www.Instagram.com/thechotobhai:=:https://www.instagram.com/accounts/login/ Make sure to check out O.E.Z's YouTube Channel https://www.youtube.com/watch?v=Bk3Lt-Lrlgc Justice by Chotobhai Merchandise will be officially avaible for a limited period of time at Cheez (Banani) from 3PM to 7PM on 10th December Directed : Iftekhar Rafsan Co-Directed and edited : Salehin Anwar SALLO https://www.instagram.com/sallo._.o/:=:https://www.instagram.com/accounts/login/ D.O.P : Akifur Rahman Written, mixed and mastered: O.E.Z Produced : SHIRAZI BEATZ Location : The Courtyard Bazaar",https://www.facebook.com/Rafsanthechotobhai/videos/436811543673449/,-6.08,rafsan_33,4,23,27,2019-12-05 12:57:00,thursday,13,0.9082990961380444,7,0.7037037037037037
13-12-19,2:50:11,"69,906",32439,911,337,11515,295,23856,48,130,375,"We decided to check out this new Social Fine Dine Place called SAVVA But there is a twist, I ride in wearing a Lungi Watch it on high quality : https://youtu.be/1P5taxl4DAk:=:https://www.youtube.com/watch?v=1P5taxl4DAk&feature=youtu.be My Personal Instagram : http://www.Instagram.com/thechotobhai My Cinematographer's Instagram : http://www.Instagram.com/Arshiyaan12",https://www.facebook.com/Rafsanthechotobhai/videos/1015607342129692/,1.04,rafsan_34,19,11,30,2019-12-13 07:50:11,friday,8,-0.32714873408984235,2,-0.26666666666666666
15-12-19,3:00:06,"117,508",57058,2379,780,33038,814,22500,88,195,656,"There is this bomb Cha-wala named ""Shah Alom"" who sold soo much that he sent his son to Singapore for higher studies, what a SuperDAD! Watch in high Quality : https://youtu.be/mRCS88hCNVs:=:https://www.youtube.com/watch?v=mRCS88hCNVs&feature=youtu.be We decided to compare Shah Alom's Cha to Crimson Cup BD Btw, my cinematographer forgot to press the ""RECORD"" button and we had to re-film on two different days. My Personal Instagram : www.instagram.com/thechotobhai:=:https://www.instagram.com/thechotobhai/ My Cinematographer Lamit Chowdhury's Instagram : instagram.com/lamit_t:=:https://instagram.com/lamit_t/",https://www.facebook.com/Rafsanthechotobhai/videos/2871907329495347/,1.75,rafsan_35,5,25,30,2019-12-15 08:00:06,sunday,9,0.20465692691696777,4,0.6666666666666666
03-01-20,10:00:05,"137,292",50136,1640,641,50586,715,32574,51,76,873,"2019 was one of the most eventul years of my life and this Rewind video isn't for me but for you guys Watch it on Better Quality : https://youtu.be/RkPDCI_ZSWM:=:https://www.youtube.com/watch?v=RkPDCI_ZSWM&feature=youtu.be My Instagram : www.Instagram.com/thechotobhai:=:https://www.instagram.com/accounts/login/ My Editor/Cinematographer Insta Shihab Shahriyar : https://www.instagram.com/shihabshahriyar_:=:https://www.instagram.com/accounts/login/ Also, hugeshout to Rabbii Mehedi for helping me film : www.instagram.com/rabbiimehedi:=:https://www.instagram.com/accounts/login/",https://www.facebook.com/Rafsanthechotobhai/videos/1338161533029694/,2.05,rafsan_36,3,27,30,2020-01-03 15:00:05,friday,16,0.22943151693667158,4,0.8
13-01-20,7:50:56,"61,309",29510,1135,322,16307,266,13382,43,81,263,"We decided to compare this Super popular Pan-Asian place, Yum Cha District with this Japanese Fusion, Ginza They have some inside Beef too üòâ Watch it on high quality : https://youtu.be/4q686IftZY0:=:https://www.youtube.com/watch?v=4q686IftZY0&feature=youtu.be Make sure to use my promocode ‚ÄúChotoGhash‚Äù for Free Home delivery from Gorur Ghash Follow my personal Instagram : Instagram.com/thechotobhai Follow my Editor‚Äôs Insta : Instagram.com/shihabshahriyar_",https://www.facebook.com/Rafsanthechotobhai/videos/589842688495772/,-1.09,rafsan_37,15,15,30,2020-01-13 12:50:56,monday,13,0.10974886296223058,4,0.0
18-01-20,8:00:00,"51,604",24110,1160,235,14535,309,10894,28,71,262,"We try out one of the top restaurants in Dhaka, Dhaba Dhanmondi vs one of the street side vendors, Bhai-Bhai Dosa. Watch it on high quality : https://youtu.be/3KzrcWn29os:=:https://www.youtube.com/watch?v=3KzrcWn29os&feature=youtu.be My Personal Instagram : www.Instagram.com/thechotobhai My Cinematographer Lamit Chowdhury Instagram : www.Instagram.com/lamit_t Biker Credits Eeshan Zamann My Merchandise : www.instagram.com/justicebychotobhai:=:https://www.instagram.com/justicebychotobhai/",https://www.facebook.com/Rafsanthechotobhai/videos/218876102463888/,-1.3,rafsan_38,8,22,30,2020-01-18 13:00:00,saturday,14,0.15759224491359822,4,0.4666666666666667
26-01-20,2:48:10,"400,446",168808,4389,5692,41225,1532,175846,443,788,1723,"I went to the Dhaka International Trade Fair(Banijjo Mela) which is one of the biggest events in Bangladesh. Watch it on High Quality : https://youtu.be/n2HNaoEf5YI:=:https://www.youtube.com/watch?v=n2HNaoEf5YI&feature=youtu.be We saw several Hajir Biriyanis which were actually Fakes and we exposed them on the spot, then they got super triggered and kicked us out. At the end of the video, we went to the actual Hajir Biriyani in Old Dhaka and heard what the actual owners had to say. My Personal Instagram : www.instagram.com/thechotobhai:=:https://www.instagram.com/thechotobhai/ My Facebook Profile : Iftekhar Rafsan My Cinematographer Lamit 's Insta : www.instagram.com/lamit_t:=:https://www.instagram.com/lamit_t/",https://www.facebook.com/Rafsanthechotobhai/videos/181904009684787/,5.97,rafsan_39,9,21,30,2020-01-26 07:48:10,sunday,8,-0.5984780440247882,1,0.4
15-02-20,7:57:14,"118,797",59775,1143,513,38498,671,17156,56,126,859,"We went to Chittagong for Miniso Bangladesh's Grand Opening with Pritom Hasan. Reviewed some US-Bangla Plane Food,Regalo and Radisson Blu High Quality : https://youtu.be/-ZmHKAqrouM:=:https://www.youtube.com/watch?v=-ZmHKAqrouM&feature=youtu.be My Personal Instagram : Instagram.com/thechotobhai:=:https://instagram.com/accounts/login/",https://www.facebook.com/Rafsanthechotobhai/videos/849572852149614/,1.77,rafsan_40,5,25,30,2020-02-15 12:57:14,saturday,13,0.39553045357877487,5,0.6666666666666666
21-02-20,12:24:14,"228,596",56378,3859,1876,8909,581,155943,113,388,549,"We tried the most Expensive water in Bangladesh, VOSS, which was 1000 Taka and compared it to 10Taka Water High Quality : https://youtu.be/685gj13W094:=:https://www.youtube.com/watch?v=685gj13W094&feature=youtu.be My Personal Instagram : https://www.instagram.com/thechotobhai:=:https://www.instagram.com/accounts/login/ Sunehra's : https://www.instagram.com/t.sunehra:=:https://www.instagram.com/accounts/login/ Arshiyaan's : https://www.instagram.com/arshiyaan12:=:https://www.instagram.com/accounts/login/ Shihab's : https://www.instagram.com/shihabshahriyar_:=:https://www.instagram.com/accounts/login/ Thanks to Splash Fashions Bangladesh for helping us afford this 1000 TAKA WATER",https://www.facebook.com/Rafsanthechotobhai/videos/197506134787972/,3.41,rafsan_41,18,12,30,2020-02-21 17:24:14,friday,18,-0.879399097805782,0,-0.2
28-02-20,3:15:00,"26,242",10014,282,262,15045,89,248,37,16,249,"I have been bullied in high school, been called names, suffered through depression neither did I have many friends, and honestly I‚Äôm not ashamed to admit it either. Also, I know for a fact that there are many kids out there who are going through exactly what I have been through and this video is honestly meant for you guys. If you ever feel demotivated or lost or scared, I really wish this video can help guide you through your dark Times. Watch it on High Quality : https://www.youtube.com/watch?v=myGbBuHqs-M This a video portraying my journey from High School to where exactly I am right now, how I started? Why I started? Why did I decide to lose weight? How was my School Life Experience? Let me share a memory, this one time in 8th Grade I invited all my classmates to my Birthday, it was during Ramadan so I invited like 19 people to Pizza Hut. Guess what? Only 2 people showed up and I had the other 17 seats reserved, what did I do? I invited all my brother‚Äôs friends. Might seem like a Pathetic Incident but it‚Äôs the moments like these which MAKE YOU WHO YOU ARE. Make sure to TAG your close friends or Family who might be going through a dark time in their lives. Honestly this is a video which I wanted to bring out for a long time, and I‚Äôm Immensely grateful to Salehin Anwar for helping me bring this out, you‚Äôre an amazing kid who is going places for sure. A hugeshout to Ekramul Haque for forcing me to start making videos because if this man didn‚Äôt Force me to film Burger King that day then I have no idea where I would be right now, I‚Äôll always be grateful to you dost. Director :- Salehin Anwar Assistant D.O.P - Labib Muttaki Studio partner :- Apollo Studios Drone Cinematographer : Sakib UL Alam Sound Designer : - Shehab Shahariar Locations Used : The Courtyard Bazaar, Gulshan Lake Park",https://www.facebook.com/Rafsanthechotobhai/videos/1247063262162931/,-2.55,rafsan_42,7,22,29,2020-02-28 08:15:00,friday,9,0.961616934455496,7,0.5172413793103449
06-03-20,2:45:00,"12,628",3537,2050,578,1855,37,4470,11,8,82,"So I was filming an Airtel TV Commercial so I decided to check out the food of FDC (Bangladesh Film Development Corporation) High Quality : https://youtu.be/RB6vvrBWlN8:=:https://www.youtube.com/watch?v=RB6vvrBWlN8&feature=youtu.be The location we were filming was a beautiful place called Birishiri, Netrokona My Personal Instagram : https://www.instagram.com/thechotobhai:=:https://www.instagram.com/thechotobhai/ Cinematographer's Insta : https://www.instagram.com/nabilnaser9:=:https://www.instagram.com/nabilnaser9/",https://www.facebook.com/Rafsanthechotobhai/videos/204935897532936/,-5.31,rafsan_43,10,20,30,2020-03-06 07:45:00,friday,8,-0.3891381711279592,2,0.3333333333333333
13-03-20,3:30:00,"31,300",12297,657,2153,14086,95,225,1740,34,13,The whole world is in a state of panic due to the sudden outbreak of Corona Virus. This is how Bangladesh is fighting the outbreak of Corona Virus. Watch it on High Quality : https://youtu.be/vm2r7KFit0k:=:https://www.youtube.com/watch?v=vm2r7KFit0k&feature=youtu.be Inspired from Nas Daily My Personal Instagram : www.instagram.com/TheChotoBhai:=:https://www.instagram.com/TheChotoBhai/ My Cinematographer Akifahi : www.instagram.com/akifahi:=:https://www.instagram.com/akifahi/,https://www.facebook.com/Rafsanthechotobhai/videos/1119779568373400/,-2.14,rafsan_44,17,13,30,2020-03-13 08:30:00,friday,9,0.7531031927376026,7,-0.13333333333333333
24-03-20,7:45:00,"5,238",2316,88,193,2317,14,269,26,8,7,"This video is for every teenager, every young adult, our time has come to save our elderly. Watch it on high quality : https://youtu.be/6I_mLNMxUKU:=:https://www.youtube.com/watch?v=6I_mLNMxUKU&feature=youtu.be My Personal Instagram : www.instagram.com/TheChotobhai:=:https://www.instagram.com/TheChotobhai/",https://www.facebook.com/Rafsanthechotobhai/videos/513278516028553/,-12.8,rafsan_45,6,24,30,2020-03-24 12:45:00,tuesday,13,0.7705414615675881,7,0.6
31-03-20,11:00:01,"18,407",6903,532,218,7638,33,2977,15,30,61,Here are my top 5 things to do in self-quarantine My MOM makes a special appearance in this Video Watch on high quality: https://youtu.be/lYK40ChubWY:=:https://www.youtube.com/watch?v=lYK40ChubWY&feature=youtu.be My Personal Instagram : www.instagram.com/thechotobhai:=:https://www.instagram.com/thechotobhai/,https://www.facebook.com/Rafsanthechotobhai/videos/516800145896298/,-3.64,rafsan_46,6,24,30,2020-03-31 16:00:01,tuesday,17,0.43797656685884323,5,0.6
01-04-20,11:00:02,"65,002",33698,1261,520,24640,406,4016,29,103,329,"I'm cooking for my mom today, and I'll be preparing my favorite dish, grilled chicken with local red spinach. Watch on high quality : https://youtu.be/tqhCDYvwLA4:=:https://www.youtube.com/watch?v=tqhCDYvwLA4&feature=youtu.be My Personal Instagram : https://www.instagram.com/thechotobhai:=:https://www.instagram.com/thechotobhai/ Today, I am supporting World Food Programme #UNitedWeEat campaign which encourages people to create and share a balanced meal during COVID-19 pandemic. While there is no super food to prevent COVID-19, I encourage you all to eat healthy and nutritious meals that will boost your immune system and make you strong. Our country has a lot of local produce which are rich in vitamins and nutrients, and is excellent for your health. Please include these food items as a part of your diet. Petuk Couple, Sunehra Tasnim, Khudalagse and @Seetashma I'm nominating you guys to share your favourite healthy meal and don‚Äôt forget to tag @WorldFoodProgramme‚Äôs #UNitedWeEat #StayHome",https://www.facebook.com/Rafsanthechotobhai/videos/902341953535309/,-1.03,rafsan_47,9,21,30,2020-04-01 16:00:02,wednesday,17,0.71899874673983,6,0.4
10-04-20,8:00:01,"37,898",18384,524,303,15756,136,2464,17,32,282,"I made breakfast,lunch and dinner for my MOM as well as helped with the household chores. Watch on High Quality : https://youtu.be/riOloq0BOak:=:https://www.youtube.com/watch?v=riOloq0BOak&feature=youtu.be This video was inspired from Tasty My Personal Instagram : www.instagram.com/thechotobhai:=:https://www.instagram.com/thechotobhai/",https://www.facebook.com/Rafsanthechotobhai/videos/2912430088811435/,-1.77,rafsan_48,2,28,30,2020-04-10 13:00:01,friday,14,0.7310429710493926,6,0.8666666666666667
19-04-20,8:00:02,"60,215",24818,2468,1311,24224,621,6299,37,64,373,"In this weight loss video, I lost over 8 kgs in 14 days of quarantine. Watch on YouTube : https://youtu.be/4Ph7ZJNXsP4:=:https://www.youtube.com/watch?v=4Ph7ZJNXsP4&feature=youtu.be Previously in the year 2018, I lost over 40 kgs in 4 months as well, I'll be bringing out a seperate video for that My Instagram : https://www.instagram.com/thechotobhai:=:https://www.instagram.com/thechotobhai/ My Facebook Page : https://www.facebook.com/RafsanTheCho...",https://www.facebook.com/Rafsanthechotobhai/videos/1441861069327270/,-1.11,rafsan_49,9,21,30,2020-04-19 13:00:02,sunday,14,0.5951673097602631,6,0.4
07-05-20,2:47:23,"19,257",5193,230,100,11777,47,467,11,7,1425,"Mother‚Äôs Day is coming up so I decided to do something special and I hope you all will follow suit in the journey! I decided to do #myfirstfriendchallenge presented by airtelbuzz Watch it on high quality : https://youtu.be/jZLccOhGeRI:=:https://www.youtube.com/watch?v=jZLccOhGeRI&feature=youtu.be My Personal Instagram : instagram.com/thechotobhai:=:https://instagram.com/thechotobhai/ Also, did I mention we are giving away a mobile phone ? How to participate? Simple 1. make a collage of a before and after picture with your mom 2. Share the video and make sure to set Privacy to Public 3. Use the hashtag #myfirstfriendchallenge 4. Make sure to tag airtelbuzz to get a chance to be featured on their page The best version of the challenge wins a mobile phone GAME ON BOYS!",https://www.facebook.com/Rafsanthechotobhai/videos/928354897595791/,-3.48,rafsan_50,2,26,28,2020-05-07 07:47:23,thursday,8,0.9293723605650211,7,0.8571428571428571
03-08-20,2:00:00,"10,843",3665,691,152,5801,44,356,5,5,124,Why I started making YouTube Videos? My Personal Instagram : www.Instagram.com/thechotobhai My man Ekramul Haque and Nabil Naser GGs <3,https://www.facebook.com/Rafsanthechotobhai/videos/717929565450328/,-6.18,rafsan_51,5,24,29,2020-08-03 07:00:00,monday,8,0.8844514601420679,7,0.6551724137931034
13-08-20,11:44:32,"13,223",4144,228,696,7805,37,71,91,6,145,To the students who just got their grades! Petition : https://www.thepetitionsite.com/133/394/058/reform-cambridge-international-results-for-bangladesh-as-well/?fbclid=IwAR3BFQ9xdKC7nA55IgAeGxwaSy71DUP4ifJP7vp-VdOnga12-N2HyZIMihM,https://www.facebook.com/Rafsanthechotobhai/videos/1964319333703715/,-5.07,rafsan_52,13,17,30,2020-08-13 16:44:32,thursday,17,0.9587982832618026,7,0.13333333333333333
27-08-20,11:00:18,"11,996",4539,778,1218,3998,50,1322,2,12,77,"Hey Guys, I decided to try something different! Share this video and 5 lucky sharers will win special Goodie Box! Personal Instagram: instagram.com/thechotobhai:=:https://www.instagram.com/accounts/login/?next=/thechotobhai/ #WowTheWorld",https://www.facebook.com/Rafsanthechotobhai/videos/676862229592797/,-5.59,rafsan_53,11,19,30,2020-08-27 16:00:18,thursday,17,0.5107123237502289,6,0.26666666666666666
03-09-20,2:00:04,"10,591",2073,331,260,648,11,7206,12,16,34,Happy 6 Year Anniversary of Daraz not delivering my products yet My Insta : Instagram.com/thechotobhai:=:http://Instagram.com/thechotobhai Cinematographer Abir Ershad : instagram.com/abirershad/:=:https://instagram.com/accounts/login/?next=/abirershad/ Slap Credit Adnan Khan : instagram.com/mdadnankhan/:=:https://www.instagram.com/accounts/login/,https://www.facebook.com/Rafsanthechotobhai/videos/501747614033546/,-6.33,rafsan_54,5,23,28,2020-09-03 07:00:04,thursday,8,-0.8251545351330895,0,0.6428571428571429
11-09-20,7:21:17,"11,786",3745,1420,366,2173,25,84,3905,11,57,Thank you guys!,https://www.facebook.com/Rafsanthechotobhai/videos/656160045277897/,-5.69,rafsan_55,8,22,30,2020-09-11 12:21:17,friday,13,-0.2789768185451639,2,0.4666666666666667
24-09-20,4:53:53,"67,411",16632,2110,5408,41878,105,381,49,15,833,"Life‚Äôs too short to not love yourself, my friend Adnan taught me this last night and I thought you should know",https://www.facebook.com/Rafsanthechotobhai/videos/2755149688097010/,1.01,rafsan_56,11,19,30,2020-09-24 09:53:53,thursday,10,0.9794271977069415,7,0.26666666666666666
06-10-20,9:53:44,"152,945",44987,1506,10127,59410,125,168,35592,152,878,"Violation is a major issue, and we must overcome it through mass awareness regarding it. Please spend a few minutes and watch this video. Cablgram is starting a campaign to raise awareness regarding sexual abuse, make sure to check them out and get educated.",https://www.facebook.com/Rafsanthechotobhai/videos/715113645748045/,2.28,rafsan_57,21,9,30,2020-10-06 14:53:44,tuesday,15,0.2543576433947573,5,-0.4
09-10-20,4:00:04,"240,666",113218,6747,2863,110094,1664,3501,143,190,2246,I decided to explore Chittagong city and it's delicacies. Watch it on high quality : https://youtu.be/b-IMeK7-8Dc:=:https://www.youtube.com/watch?v=b-IMeK7-8Dc&feature=youtu.be Instagram : https://www.instagram.com/thechotobhai:=:https://www.instagram.com/accounts/login/ cinematographer Sheikh Iqram Mahbub Thumbnail Tanveer Nadim Arpon Edited by Iftekhar Rafsan,https://www.facebook.com/Rafsanthechotobhai/videos/1042863799503171/,3.59,rafsan_58,4,26,30,2020-10-09 09:00:04,friday,10,0.9349276124849369,7,0.7333333333333333
16-10-20,4:30:00,"171,029",86095,3100,1498,73407,663,4494,66,136,1570,"In the second episode of Chittagong, we explore the local food of Chittagong as well as some of their Bizarre traditions! High Quality : https://youtu.be/kvsGfdD0wmI:=:https://www.youtube.com/watch?v=kvsGfdD0wmI&feature=youtu.be My Personal Instagram : instagram.com/thechotobhai:=:https://instagram.com/accounts/login/ Cinematography by Sheikh Iqram Mahbub Thumbnail by Tanveer Nadim Arpon Edited by Iftekhar Rafsan",https://www.facebook.com/Rafsanthechotobhai/videos/686510075633151/,2.55,rafsan_59,3,27,30,2020-10-16 09:30:00,friday,10,0.8830910177255527,7,0.8
24-10-20,7:00:01,"98,981",33536,1794,434,16415,280,45953,34,128,407,Watch as I go head to head with Khudalagse! Watch on high quality : https://youtu.be/DCOQmEkelYQ:=:https://www.youtube.com/watch?v=DCOQmEkelYQ&feature=youtu.be Incase y'all are wondering the LOTTE chocolates are available at Unimart and Shwapno! My personal Instagram : https://www.instagram.com/thechotobhai:=:https://www.instagram.com/accounts/login/ Edited by Tusu Mahmud Subtitles by Siyam Siddiquee Cinematography by Akifahi Part 2 at @Khudalagse https://www.facebook.com/khudalagse2/posts/3690409537660243:=:https://www.facebook.com/login/?next=https%3A%2F%2Fwww.facebook.com%2Fkhudalagse2%2Fposts%2F3690409537660243,https://www.facebook.com/Rafsanthechotobhai/videos/2137154199748514/,1.48,rafsan_60,16,14,30,2020-10-24 12:00:01,saturday,13,-0.4589430058370375,2,-0.06666666666666667
19-11-20,8:01:53,"633,243",240076,8669,5527,63285,2790,307657,845,851,3543,"We reviewed a 5 star hotel but with a twist, we wore a Lungi! Watch on high Quality : https://youtu.be/5kkQ8FYyYFc:=:https://www.youtube.com/watch?v=5kkQ8FYyYFc #WorldToiletDay Make sure to check out WaterAid Bangladesh's Public Toilet Bangladesh App https://play.google.com/store/apps/details?id=softworks.com.toilettracker:=:https://play.google.com/store/apps/details?id=softworks.com.toilettracker&hl=en_US My Personal Instagram Iftekhar Rafsan https://www.instagram.com/thechotobhai:=:https://www.instagram.com/thechotobhai/ Editor : Tusu Mahmud Rabbi : The Woah Guy",https://www.facebook.com/Rafsanthechotobhai/videos/304482190610727/,9.16,rafsan_61,8,22,30,2020-11-19 13:01:53,thursday,14,-0.6325945784769811,1,0.4666666666666667
09-12-20,7:50:32,"66,196",32019,1382,1730,28399,537,1531,27,59,512,So in today‚Äôs episode I reviewed a phone which isn‚Äôt even out in the market yet!! Watch the video to find out!! Watch on High Quality : https://youtu.be/rkfm0w0HxAY:=:https://www.youtube.com/watch?v=rkfm0w0HxAY&feature=youtu.be https://rebrand.ly/MotoG9Plus-Daraz:=:https://app.adjust.com/u5x1rcd_nxqmk81?campaign=Motorola&adgroup=Facebook&creative=G9Plus&deep_link=daraz://bd/static_page?url=https://www.daraz.com.bd/products/motorola-g9-plus-6gb-ram128gb-rom-snapdragon-730g-64mp-quad-camera-68-fhdhdr10-display-i163334947-s1095792975.html&fallback=https%3A%2F%2Fwww.daraz.com.bd%2Fproducts%2Fmotorola-g9-plus-6gb-ram128gb-rom-snapdragon-730g-64mp-quad-camera-68-fhdhdr10-display-i163334947-s1095792975.html%3Futm_source%3DPrivate_Traffic%26utm_medium%3DFacebook%26utm_campaign%3DMotorola&redirect=https%3A%2F%2Fwww.daraz.com.bd%2Fproducts%2Fmotorola-g9-plus-6gb-ram128gb-rom-snapdragon-730g-64mp-quad-camera-68-fhdhdr10-display-i163334947-s1095792975.html%3Futm_source%3DPrivate_Traffic%26utm_medium%3DFacebook%26utm_campaign%3DMotorola,https://www.facebook.com/Rafsanthechotobhai/videos/118071243376379/,-1.01,rafsan_62,10,20,30,2020-12-09 12:50:32,wednesday,13,0.8958957025591502,7,0.3333333333333333
11-12-20,3:29:37,"138,128",63469,4051,1113,65957,505,1536,78,112,1307,"In this episode, we all out to explore the gems of Bailey road! Watch on high quality : https://youtu.be/YXySPx-SgaU:=:https://www.youtube.com/watch?v=YXySPx-SgaU&feature=youtu.be My Personal Instagram : www.instagram.com/thechotobhai:=:https://www.instagram.com/accounts/login/ Edited and shot by Eahimel",https://www.facebook.com/Rafsanthechotobhai/videos/237069104512606/,2.06,rafsan_63,5,25,30,2020-12-11 08:29:37,friday,9,0.9503273616806964,7,0.6666666666666666
14-12-20,8:00:02,"691,041",268154,15153,5838,68320,4767,321240,1599,2301,3669,"I tried to do a restaurant review but I had to pay 10,000 BDT to film here Watch on high quality : https://youtu.be/06kPOwpeO2A:=:https://www.youtube.com/watch?v=06kPOwpeO2A My Personal Instagram : www.instagram.com/thechotobhai:=:https://www.instagram.com/thechotobhai/ My Cinematographer Sheikh Iqram Mahbub Edited by Tusu Mahmud",https://www.facebook.com/Rafsanthechotobhai/videos/385484866051664/,10.0,rafsan_64,11,19,30,2020-12-14 13:00:02,monday,14,-0.6180305352628541,1,0.26666666666666666
18-12-20,3:30:00,"1,251,933",493989,24304,8401,184361,11641,515966,1501,2843,8927,"I challenge Salman Mohammad Muqtadir and Tawhid uddin Afridi to a Spicy Korean Noodles challenge for $100,000 Watch on high quality : https://youtu.be/4BEqaXec7yY:=:https://www.youtube.com/watch?v=4BEqaXec7yY My Personal Instagram : instagram.com/thechotobhai:=:https://www.instagram.com/thechotobhai/ Edited by Eahimel Shot by Eahimel, Akifahi and Tusu Mahmud Location The Courtyard Bazaar",https://www.facebook.com/Rafsanthechotobhai/videos/159877202581205/,18.11,rafsan_65,9,21,30,2020-12-18 08:30:00,friday,9,-0.4348649203917605,2,0.4
26-12-20,8:05:59,"103,429",42418,2817,300,38796,373,17006,67,854,798,So me and some friends went out to eat and I randomly decided to film a video For better quality : https://youtu.be/fqvSQUcwvgQ:=:https://www.youtube.com/watch?v=fqvSQUcwvgQ&feature=youtu.be My personal Instagram Iftekhar : www.instagram.com/thechotobhai/:=:https://www.instagram.com/accounts/login/ Fatima Zohra the cameraman : www.instagram.com/fatiimaazohraa/:=:https://www.instagram.com/accounts/login/,https://www.facebook.com/Rafsanthechotobhai/videos/1037952856691365/,1.54,rafsan_66,10,20,30,2020-12-26 13:05:59,saturday,14,0.3806957543096003,5,0.3333333333333333
08-01-21,6:22:22,"123,167",55482,2979,458,50420,494,12125,68,161,980,We go try two of the best Biriyanis from Fokhruddin and Haji Biriyani To find out which one is the best Kacchi in town Watch on high Quality : https://youtu.be/3iUeppexrz0:=:https://www.youtube.com/watch?v=3iUeppexrz0&feature=youtu.be My personal Instagram : https://www.instagram.com/thechotobhai/:=:https://www.instagram.com/accounts/login/ Cinematographer : https://www.instagram.com/eahimel:=:https://www.instagram.com/accounts/login/,https://www.facebook.com/Rafsanthechotobhai/videos/230224528757834/,1.84,rafsan_67,16,14,30,2021-01-08 11:22:22,friday,12,0.615427717594322,6,-0.06666666666666667
13-01-21,8:00:19,"107,546",50329,1931,414,51192,327,2127,36,105,1085,So I partnered up with Radhuni and did a Bar-B-Q without a griller! Watch on high quality : https://youtu.be/qpF3LcDG7Dw:=:https://www.youtube.com/watch?v=qpF3LcDG7Dw My Personal Instagram : https://www.instagram.com/thechotobhai:=:https://www.instagram.com/thechotobhai/ Cinematographer Eahimel My friend Arshiyaan Ahmed,https://www.facebook.com/Rafsanthechotobhai/videos/501152637515486/,1.6,rafsan_68,7,23,30,2021-01-13 13:00:19,wednesday,14,0.9173348884677066,7,0.5333333333333333
23-01-21,7:15:39,"263,629",75661,7443,4234,55289,903,2875,114915,325,1984,This might be my last video on facebook. www.youtube.com/rafsanthechotobhai:=:https://www.youtube.com/rafsanthechotobhai,https://www.facebook.com/Rafsanthechotobhai/videos/839337813579137/,3.93,rafsan_69,11,19,30,2021-01-23 12:15:39,saturday,13,-0.3400003403463591,2,0.26666666666666666
29-01-21,3:30:24,"588,161",262871,9148,2102,233324,3134,69021,309,1091,7161,"So Domino's Pizza brought out a deal, if your order arrives after 30 minutes you get the pizza for free!! Watch on high quality : https://youtu.be/CIXaIEuy2n4:=:https://www.youtube.com/watch?v=CIXaIEuy2n4 Soo we made sure we decided to stall the delivery boy for 30 Minutes and TIPPED HIM 10,000 BDT! For drop shipping services contact Attyrs",https://www.facebook.com/Rafsanthechotobhai/videos/428048301871332/,8.51,rafsan_70,7,23,30,2021-01-29 08:30:24,friday,9,0.5515157304801936,6,0.5333333333333333
14-02-21,3:19:48,"291,479",121419,8695,2366,121799,2227,30530,230,808,3405,"We decided to sell flowers on the streets for Valentine's day but gave our customers 50,000 BDT! Watch on High Quality : https://youtu.be/TmyamIqHMto:=:https://www.youtube.com/watch?v=TmyamIqHMto We felt like bhalobashar Robinhood xD My personal instagram : https://www.instagram.com/thechotobhai:=:https://www.instagram.com/thechotobhai/ Edited by Eahimel Cinematography by Himel and Tusu Mahmud",https://www.facebook.com/Rafsanthechotobhai/videos/442889980470900/,4.35,rafsan_71,10,20,30,2021-02-14 08:19:48,sunday,9,0.6029157416084377,6,0.3333333333333333
19-02-21,3:30:00,"293,259",140046,5894,1444,95225,999,46604,165,424,2458,Sunehra Tasnim challenged me to a cooking competition Watch on high quality : https://youtu.be/TsxpG3oDkPE:=:https://www.youtube.com/watch?v=TsxpG3oDkPE&feature=youtu.be My Personal Insta : www.instagram.com/thechotobhai:=:https://www.instagram.com/accounts/login/ Sunehra Tasnim Insta : www.instagram.com/t.sunehra/:=:https://www.instagram.com/accounts/login/,https://www.facebook.com/Rafsanthechotobhai/videos/783480305601871/,4.37,rafsan_72,9,21,30,2021-02-19 08:30:00,friday,9,0.35296658097686373,5,0.4
12-03-21,3:29:59,"233,946",99342,4942,1904,68750,1083,55774,170,299,1682,"So we decided to try 3 types of Tea from InterContinental Hotel, Butlers and our favourite Tong! Watch on high quality : https://youtu.be/C-hzgQ6U9E4:=:https://www.youtube.com/watch?v=C-hzgQ6U9E4&feature=youtu.be Iftekhar Rafsan Instagram : www.instagram.com/thechotobhai.com:=:https://www.instagram.com/accounts/login/",https://www.facebook.com/Rafsanthechotobhai/videos/347702609851039/,3.49,rafsan_73,7,23,30,2021-03-12 08:29:59,friday,9,0.11953850248125363,4,0.5333333333333333
18-03-21,7:41:47,"68,092",23974,2070,295,35495,215,5234,34,48,727,Bangladesh is turning 50 years old <3 #Happy50Bangladesh,https://www.facebook.com/Rafsanthechotobhai/videos/132138242172607/,1.02,rafsan_74,9,21,30,2021-03-18 12:41:47,thursday,13,0.7453596148779729,6,0.4
26-03-21,4:30:00,"162,714",72184,6080,950,61676,1123,18938,173,323,1267,I basically went on an all out Japanese Food Tour Watch on high quality : https://youtu.be/uOQPyMIhaRE:=:https://www.youtube.com/watch?v=uOQPyMIhaRE&feature=youtu.be,https://www.facebook.com/Rafsanthechotobhai/videos/1041115433044592/,2.43,rafsan_75,6,24,30,2021-03-26 09:30:00,friday,10,0.5345149700598802,6,0.6
31-03-21,9:00:00,"181,205",84923,5371,527,80345,1016,6690,101,401,1831,In this episode we went on a small street adventure in Uttor Badda Watch on high quality : https://youtu.be/9m_Px18PQ-w:=:https://www.youtube.com/watch?v=9m_Px18PQ-w&feature=youtu.be Iftekhar Rafsan's Instagram : www.instagram.com/thechotobhai:=:https://www.instagram.com/accounts/login/ FIlmed by Eahimel,https://www.facebook.com/Rafsanthechotobhai/videos/251480070051178/,2.7,rafsan_76,9,21,30,2021-03-31 14:00:00,wednesday,15,0.8408567888121792,7,0.4
10-04-21,10:00:49,"65,476",27757,1538,218,32694,271,2287,32,45,634,So I went to the Chef‚Äôs Table Courtside,https://www.facebook.com/Rafsanthechotobhai/videos/294671268859462/,-1.02,rafsan_77,9,21,30,2021-04-10 15:00:49,saturday,16,0.8685315463114868,7,0.4
17-04-21,8:47:18,"204,903",65968,8785,3043,94536,2446,27740,194,119,2072,In 2018 I went from around 120 kgs to 78 kgs in 4 months and this is how Watch on High Quality : https://youtu.be/ukjHvh-fkYk:=:https://www.youtube.com/watch?v=ukjHvh-fkYk&feature=youtu.be My Personal Instagram : www.instagram.com/thechotobhai:=:https://www.instagram.com/accounts/login/ SRT by Sidratul Tasdee,https://www.facebook.com/Rafsanthechotobhai/videos/484340116022008/,3.06,rafsan_78,6,24,30,2021-04-17 13:47:18,saturday,14,0.5585923670608228,6,0.6
20-04-21,9:00:00,"324,178",93715,11499,2167,64412,1201,148354,270,460,2100,We tried the most expensive Jilapi in Bangladesh and compared it to a regular one. Watch on high quality : https://youtu.be/_et5icKqiJ8:=:https://www.youtube.com/watch?v=_et5icKqiJ8&feature=youtu.be My Personal Instagram : https://www.instagram.com/thechotobhai/:=:https://www.instagram.com/accounts/login/ Cinematographer : https://www.instagram.com/mahdinnabii/:=:https://www.instagram.com/accounts/login/ Co=Edit by Sidratul Tasdee : https://www.instagram.com/stasdeee:=:https://www.instagram.com/accounts/login/,https://www.facebook.com/Rafsanthechotobhai/videos/375523486956270/,4.84,rafsan_79,9,21,30,2021-04-20 14:00:00,tuesday,15,-0.3753326844928666,2,0.4
01-05-21,9:00:01,"98,490",30555,1920,592,63159,134,373,102,24,1631,"We decided to do the #ChotobhaiChallenge and feed 200 people in Dhaka, Bangladesh! Watch on high quality : https://youtu.be/GQWC0h9bMVE:=:https://www.youtube.com/watch?v=GQWC0h9bMVE&feature=youtu.be My Personal Instagram : https://www.instagram.com/thechotobhai:=:https://www.instagram.com/accounts/login/ Edited by Sidratul Tasdee DOP by Mahdin Nabi Khan",https://www.facebook.com/Rafsanthechotobhai/videos/3902907846430136/,1.47,rafsan_80,1,29,30,2021-05-01 14:00:01,saturday,15,0.9847454259205478,7,0.9333333333333333
10-05-21,9:00:01,"99,014",28538,1982,557,17352,446,49430,57,111,541,We tried some of the craziest TikTok Food hacks EVER! Watch on high quality : https://youtu.be/xx9BU4xIMQ8:=:https://www.youtube.com/watch?v=xx9BU4xIMQ8&feature=youtu.be,https://www.facebook.com/Rafsanthechotobhai/videos/2638217779812199/,1.48,rafsan_81,13,17,30,2021-05-10 14:00:01,monday,15,-0.46011746176604795,2,0.13333333333333333
24-05-21,12:00:06,"141,012",47373,1429,1716,80546,442,7725,253,33,1495,Not a high budget TikTok Watch on high quality : https://youtu.be/p9If2aSSoK4:=:https://www.youtube.com/watch?v=p9If2aSSoK4&feature=youtu.be,https://www.facebook.com/Rafsanthechotobhai/videos/766748797329914/,2.1,rafsan_82,12,18,30,2021-05-24 17:00:06,monday,18,0.8229495878179769,7,0.2
27-05-21,9:00:07,"134,755",58405,4748,849,62861,964,5314,217,228,1169,There was supposed to be a cyclone so we decided to order from all the top burger places in Dhaka Watch on high quality : https://youtu.be/Db8IISzcDpU:=:https://www.youtube.com/watch?v=Db8IISzcDpU&feature=youtu.be D.O.P by Mahdin Nabi Khan Co-Edit by Sidratul Tasdee,https://www.facebook.com/Rafsanthechotobhai/videos/843856516225179/,2.01,rafsan_83,10,20,30,2021-05-27 14:00:07,thursday,15,0.8372083162551411,7,0.3333333333333333
01-06-21,9:00:01,"199,585",101172,6329,2171,79964,850,7225,208,257,1409,"You WON'T BELIEVE what happened inside Project Hilsha High Quality : https://youtu.be/uzCIiMocVCE:=:https://www.youtube.com/watch?v=uzCIiMocVCE in this video, we decided to compare Project Hilsha's Elish vs Mawa's traditional Speedboat Ghat's Elish! Meraki the punjabi and salwar kameez brand I'm making https://www.instagram.com/iwearmeraki/ https://www.facebook.com/iwearmeraki Iftekhar Rafsan's Instagram : https://www.instagram.com/thechotobhai/‚Äã My TikTok : https://www.tiktok.com/@rafsanthechotobhai Co-Edited by Sidratul Tasdee : https://www.instagram.com/stasdeee:=:https://www.instagram.com/stasdeee/ D.O.P Mahdin Nabi Khan : https://www.instagram.com/mahdinnabii/",https://www.facebook.com/Rafsanthechotobhai/videos/2834641970185183/,2.98,rafsan_84,14,16,30,2021-06-01 14:00:01,tuesday,15,0.828945758677833,7,0.06666666666666667
18-06-21,11:00:10,"68,575",30630,1488,351,28774,320,6360,55,69,528,"We decided to review Star Kebab and Radisson but there's a small twist! watch on high quality : https://www.youtube.com/watch?v=SxsoN4wrXJY Meraki, the punjabi and salwar kameez brand I'm making https://www.instagram.com/iwearmeraki/ https://www.facebook.com/iwearmeraki My Personal Instagram : https://www.instagram.com/thechotobhai/‚Äã My TikTok : https://www.tiktok.com/@rafsanthechotobhai Edited bySidratul Tasdee : https://www.instagram.com/stasdeee:=:https://www.instagram.com/stasdeee/ D.O.P Mahdin Nabi Khan : https://www.instagram.com/mahdinnabii/",https://www.facebook.com/Rafsanthechotobhai/videos/2922814557977258/,1.02,rafsan_85,9,21,30,2021-06-18 16:00:10,friday,17,0.6408353182296571,6,0.4
23-06-21,9:30:05,"279,595",133218,4903,738,124626,781,12269,114,525,2421,I decided to visit Khudalagse's studio to see her place and Favorite Food but you won't believe what happens next Watch on high quality : https://youtu.be/aLqkXa_075s:=:https://www.youtube.com/watch?v=aLqkXa_075s&feature=youtu.be #FavfoodandCoke,https://www.facebook.com/Rafsanthechotobhai/videos/856122344982363/,4.17,rafsan_86,24,6,30,2021-06-23 14:30:05,wednesday,15,0.8165643474306503,7,-0.6
29-06-21,9:30:23,"151,431",68629,2353,963,76338,338,934,41,118,1717,So it's more of a tradition that my mom cooks Tehari when the whole family is together Watch on high quality : https://youtu.be/1sxV5UN1Q7k:=:https://www.youtube.com/watch?v=1sxV5UN1Q7k&feature=youtu.be #FavfoodandCoke,https://www.facebook.com/Rafsanthechotobhai/videos/511737669882589/,2.26,rafsan_87,8,22,30,2021-06-29 14:30:23,tuesday,15,0.972498301587701,7,0.4666666666666667
08-07-21,9:00:06,"260,681",94092,4155,1090,120862,565,36507,100,152,3158,You asked some of the weirdest questions so I made my mom answer them watch on high quality : https://youtu.be/v55JVzvrz4U:=:https://www.youtube.com/watch?v=v55JVzvrz4U #favfoodandcoke,https://www.facebook.com/Rafsanthechotobhai/videos/863505517930454/,3.83,rafsan_88,7,23,30,2021-07-08 14:00:06,thursday,15,0.5443400436334788,6,0.5333333333333333
18-07-21,9:00:00,"143,707",58221,2877,253,77612,289,2547,60,218,1630,"So, I made my bestfriend, Arshiyaan, review my mom's khichuri High Quality : https://youtu.be/9600T6z3u10:=:https://www.youtube.com/watch?v=9600T6z3u10&feature=youtu.be My Instagram : www.instagram.com/thechotobhai:=:https://www.instagram.com/accounts/login/ Shot by Mahdin Nabi Khan Arshiyaan's Insta : www.instagram.com/arshiyaan12/:=:https://www.instagram.com/accounts/login/ #FavFoodandCoke",https://www.facebook.com/Rafsanthechotobhai/videos/246051417092277/,2.14,rafsan_89,13,17,30,2021-07-18 14:00:00,sunday,15,0.9313954053135169,7,0.13333333333333333
19-07-21,5:00:03,"473,497",182447,8420,1872,259826,1980,11043,332,1888,5689,So I decided to surprise my parents with a cow and you won't believe.. Watch on high quality : https://youtu.be/lf2iVaUC8xk:=:https://www.youtube.com/watch?v=lf2iVaUC8xk&feature=youtu.be Iftekhar Rafsan Insta : www.instagram.com/thechotobhai:=:https://www.instagram.com/accounts/login/ Shot by Mahdin Nabi Khan Edited by Sidratul Tasdee My friend Kazi Shahbaz Rashid,https://www.facebook.com/Rafsanthechotobhai/videos/508076073600277/,7.06,rafsan_90,5,25,30,2021-07-19 10:00:03,monday,11,0.9055200564186952,7,0.6666666666666666
31-07-21,9:29:45,"128,694",26125,3851,2232,20429,270,696,74084,73,934,I guess this is a just a small update from my end!,https://www.facebook.com/Rafsanthechotobhai/videos/529462921433453/,1.92,rafsan_91,9,21,30,2021-07-31 14:29:45,saturday,15,-0.5515826130215783,1,0.4
10-08-21,8:00:17,"75,438",23002,1801,127,48630,110,505,17,17,1229,Guess who just got the best gift?! High Quality : https://youtu.be/pTYMQcHNPgg:=:https://www.youtube.com/watch?v=pTYMQcHNPgg&feature=youtu.be Iftekhar Rafsan Insta : www.instagram.com/thechotobhai:=:https://www.instagram.com/accounts/login/,https://www.facebook.com/Rafsanthechotobhai/videos/906763106542839/,1.13,rafsan_92,3,27,30,2021-08-10 13:00:17,tuesday,14,0.9786568464401679,7,0.8
16-08-21,8:00:01,"93,276",36700,3814,310,46093,1766,3387,196,136,874,We mixed KFC's Fried Chicken and Zinger Burgers with Samyang Nuclear Sauce! Watch on high quality : https://youtu.be/GciymwP0ovY:=:https://www.youtube.com/watch?v=GciymwP0ovY,https://www.facebook.com/Rafsanthechotobhai/videos/964367491076001/,1.28,rafsan_93,19,11,30,2021-08-16 13:00:01,monday,14,0.8581941584686952,7,-0.26666666666666666
20-08-21,5:00:01,"561,051",221756,12580,2590,101467,7177,210569,472,1087,3353,"I challenged Khudalagse and Petuk Couple to eat the biggest burger in Bangladesh for 50,000 BDT! High quality : https://youtu.be/ckT1cFsRpAg:=:https://www.youtube.com/watch?v=ckT1cFsRpAg Iftekhar Rafsan Instagram : https://www.instagram.com/thechotobhai/ Editor's Insta : https://www.instagram.com/stasdeee/ D.O.P's Insta : https://www.instagram.com/mahdinnabii/",https://www.facebook.com/Rafsanthechotobhai/videos/158370276413761/,8.12,rafsan_94,9,21,30,2021-08-20 10:00:01,friday,11,-0.3089271114539144,2,0.4
28-08-21,6:00:25,"126,610",53046,4087,511,64355,613,2580,75,139,1204,We tried out kebab from 4 different places at different price points HQ : https://youtu.be/XK3mUKTch5Q:=:https://www.youtube.com/watch?v=XK3mUKTch5Q&feature=youtu.be My Personal Instagram : www.instagram.com/thechotobhai:=:https://www.instagram.com/accounts/login/ #Xpel,https://www.facebook.com/Rafsanthechotobhai/videos/339147851282633/,1.89,rafsan_95,5,25,30,2021-08-28 11:00:25,saturday,12,0.9189745671780297,7,0.6666666666666666
03-09-21,5:00:08,"254,105",104443,3015,872,136669,684,5477,44,67,2834,I challenged Taskin Ahmed to a Cricket Match then we did a Food Review! Watch in HD : https://youtu.be/pqQkxME4cfQ:=:https://www.youtube.com/watch?v=pqQkxME4cfQ&feature=youtu.be Iftekhar Rafsan Instagram : https://www.instagram.com/thechotobhai/:=:https://www.instagram.com/accounts/login/,https://www.facebook.com/Rafsanthechotobhai/videos/552877459197928/,3.79,rafsan_96,9,21,30,2021-09-03 10:00:08,friday,11,0.9233339049905677,7,0.4
17-09-21,4:30:02,"116,292",45414,4086,439,62076,442,1957,46,152,1680,So we tried a couple of pizza places under 500 Taka! high quality : https://youtu.be/xNhzdH7I4Ao:=:https://www.youtube.com/watch?v=xNhzdH7I4Ao&feature=youtu.be My Personal Instagram : www.instagram.com/thechotobhai:=:https://www.instagram.com/accounts/login/,https://www.facebook.com/Rafsanthechotobhai/videos/1419077271822050/,1.73,rafsan_97,5,25,30,2021-09-17 09:30:02,friday,10,0.9350443838259008,7,0.6666666666666666
25-09-21,5:06:46,"254,610",108197,6829,1535,125828,2103,6333,85,334,3366,"We went to haor and trust me, I thought I was in Maldives and I've never been there! HD : https://youtu.be/PlsJsx5zyAw:=:https://www.youtube.com/watch?v=PlsJsx5zyAw&feature=youtu.be Iftekhar Rafsan's Instagram : https://www.instagram.com/thechotobhai/:=:https://www.instagram.com/accounts/login/",https://www.facebook.com/Rafsanthechotobhai/videos/1271986296556556/,3.8,rafsan_98,9,21,30,2021-09-25 10:06:46,saturday,11,0.9021796608450623,7,0.4
09-10-21,6:00:03,"201,914",97195,3990,630,87730,1379,8516,167,329,1978,We tried out the challenge at Woodhouse Grill and it was just crazy! Watch on high quality : https://youtu.be/uFC98mvQp1o:=:https://www.youtube.com/watch?v=uFC98mvQp1o My Personal Instagram: https://www.instagram.com/thechotobhai:=:https://www.instagram.com/thechotobhai/,https://www.facebook.com/Rafsanthechotobhai/videos/240825121238553/,2.93,rafsan_99,13,17,30,2021-10-09 11:00:03,saturday,12,0.8199382611214897,7,0.13333333333333333
13-10-21,9:11:26,"107,255",27423,2837,550,42807,935,31679,44,109,871,We played the squid games in real life with strangers HQ : https://youtu.be/X4jylzjW6dc:=:https://www.youtube.com/watch?v=X4jylzjW6dc&feature=youtu.be,https://www.facebook.com/Rafsanthechotobhai/videos/1054103625401520/,1.6,rafsan_100,6,24,30,2021-10-13 14:11:26,wednesday,15,0.16719209889463013,4,0.6
21-10-21,9:30:02,"237,377",95627,4360,1536,122133,1199,9734,127,289,2372,"I tried the Spicy Korean Noodles with the legends, Tahsan and Sabila Nur HD : https://youtu.be/l4q-nJ_fJJw:=:https://www.youtube.com/watch?v=l4q-nJ_fJJw&feature=youtu.be Iftekhar Rafsan's Instagram : www.instagram.com/thechotobhai:=:https://www.instagram.com/accounts/login/ #BelaBoyeJay",https://www.facebook.com/Rafsanthechotobhai/videos/304283844515487/,3.54,rafsan_101,10,20,30,2021-10-21 14:30:02,thursday,15,0.8505748818584657,7,0.3333333333333333
23-10-21,10:00:23,"55,984",20722,1507,335,31805,312,671,7,25,600,We went to Chittagong to explore the Ship's Graveyard with Discover with Joe Hattab HD : https://youtu.be/6H4NdwSpgoY:=:https://www.youtube.com/watch?v=6H4NdwSpgoY&feature=youtu.be Iftekhar Rafsan : www.instagram.com/thechotobhai:=:https://www.instagram.com/accounts/login/,https://www.facebook.com/Rafsanthechotobhai/videos/409991567480640/,-1.2,rafsan_102,11,19,30,2021-10-23 15:00:23,saturday,16,0.9579293836026331,7,0.26666666666666666
30-10-21,7:00:03,"58,787",20553,1561,187,26434,162,9202,34,60,594,I got challenged me to a cooking competition by Sunehra Tasnim watch on high quality : https://youtu.be/MAhT5ZNu1Ik:=:https://www.youtube.com/watch?v=MAhT5ZNu1Ik&feature=youtu.be,https://www.facebook.com/Rafsanthechotobhai/videos/472982457287545/,-1.17,rafsan_103,9,21,30,2021-10-30 12:00:03,saturday,13,0.4904346872773118,5,0.4
05-11-21,4:30:01,"76,867",33121,1020,212,40227,203,1192,24,40,828,My older brother challenged me to a cooking competition Watch on HD : https://youtu.be/Mr3CI1QlAkE:=:https://www.youtube.com/watch?v=Mr3CI1QlAkE&feature=youtu.be My Personal Instagram : www.instagram.com/thechotobhai:=:https://www.instagram.com/accounts/login/,https://www.facebook.com/Rafsanthechotobhai/videos/405864317665826/,1.05,rafsan_104,6,24,30,2021-11-05 09:30:01,friday,10,0.9409135814084773,7,0.6
13-11-21,6:00:24,"137,960",48259,5381,441,75376,454,6132,105,209,1603,We went on a search for the best bhelpuri Dhaka has to offer High Quality : https://youtu.be/lGT-TIB2ZU0:=:https://www.youtube.com/watch?v=lGT-TIB2ZU0&feature=youtu.be My Personal Insta : https://www.instagram.com/thechotobhai:=:https://www.instagram.com/accounts/login/ Mahdin Nabi Khan : https://www.instagram.com/mahdinnabii:=:https://www.instagram.com/accounts/login/ Sidratul Tasdee : https://www.instagram.com/stasdeee:=:https://www.instagram.com/accounts/login/,https://www.facebook.com/Rafsanthechotobhai/videos/572730267335530/,1.89,rafsan_105,12,18,30,2021-11-13 11:00:24,saturday,12,0.8463024118074846,7,0.2
19-11-21,3:30:00,"179,828",76395,2547,462,91880,779,5071,43,242,2409,So we gave an outlet of Habiby's and blocked Mohommadpur then the popo showed up yikes Watch on HD : https://youtu.be/fE63dRdro7M:=:https://www.youtube.com/watch?v=fE63dRdro7M My Personal Instagram : www.instagram.com/thechotobhai:=:https://www.instagram.com/thechotobhai/,https://www.facebook.com/Rafsanthechotobhai/videos/1104162823659709/,2.32,rafsan_106,5,25,30,2021-11-19 08:30:00,friday,9,0.8933322711702382,7,0.6666666666666666
23-11-21,8:00:14,"85,093",32353,1254,232,48658,399,1004,31,78,1084,"How Cheap is Nepal, lets go Watch on HD : https://youtu.be/RduJQctobGA:=:https://www.youtube.com/watch?v=RduJQctobGA&feature=youtu.be Justice by Chotobhai MRCH www.instagram.com/justicebychotobhai:=:https://www.instagram.com/accounts/login/",https://www.facebook.com/Rafsanthechotobhai/videos/1037472483494493/,1.16,rafsan_107,4,26,30,2021-11-23 13:00:14,tuesday,14,0.9565692433761267,7,0.7333333333333333
24-11-21,8:00:01,"29,045",8747,679,145,18147,741,163,15,8,400,"We went to Mount Everest, dropping this Friday! Watch on HD : https://youtu.be/Y2nASbkolBs:=:https://www.youtube.com/watch?v=Y2nASbkolBs&feature=youtu.be Iftekhar Rafsan Instagram : www.instagram.com/thechotobhai:=:https://www.instagram.com/accounts/login/ Outfit from Justice by Chotobhai",https://www.facebook.com/Rafsanthechotobhai/videos/1610935909248033/,-2.51,rafsan_108,3,27,30,2021-11-24 13:00:01,wednesday,14,0.9808976070658314,7,0.8
26-11-21,3:30:23,"232,455",87734,6292,1298,110476,4407,19110,94,266,2778,"I took a 3,50,000 Taka helicopter ride to Mount Everest Base Camp Watch HD : https://youtu.be/DR-iG8kRKHk:=:https://www.youtube.com/watch?v=DR-iG8kRKHk&feature=youtu.be Iftekhar Rafsan : www.instagram.com/thechotobhai:=:https://www.instagram.com/accounts/login/ Justice by Chotobhai : www.instagram.com/justicebychotobhai:=:https://www.instagram.com/accounts/login/",https://www.facebook.com/Rafsanthechotobhai/videos/270447505043611/,3.18,rafsan_109,3,26,29,2021-11-26 08:30:23,friday,9,0.7160379491143505,6,0.7931034482758621
30-11-21,10:00:54,"173,309",72831,1735,521,90633,2236,3117,42,91,2103,We tried one of the most exclusive breakfasts with a view of Mt. Everest Watch on HD : https://youtu.be/1wzsKvsU70E:=:https://www.youtube.com/watch?v=1wzsKvsU70E&feature=youtu.be Iftekhar Rafsan : www.instagram.com/thechotobhai:=:https://www.instagram.com/accounts/login/ Justice by Chotobhai,https://www.facebook.com/Rafsanthechotobhai/videos/616434686152615/,2.39,rafsan_110,7,23,30,2021-11-30 15:00:54,tuesday,16,0.9338233796909042,7,0.5333333333333333
03-12-21,3:37:01,"19,283",7076,325,58,10289,1130,165,9,3,228,"We explored a cave as well as the top 3 iconic places in Nepal, Pokhara Watch on HD : https://youtu.be/g7pG-80XKpA:=:https://www.youtube.com/watch?v=g7pG-80XKpA",https://www.facebook.com/Rafsanthechotobhai/videos/489664125820110/,-3.82,rafsan_111,3,27,30,2021-12-03 08:37:01,friday,9,0.9700608930987822,7,0.8
08-12-21,8:58:41,"133,188",49868,2518,888,70609,2857,4551,104,171,1622,I decided to make a room tour and it's a full-on RGB Setup! Watch on HD : https://youtu.be/KrMRuHihv_o:=:https://www.youtube.com/watch?v=KrMRuHihv_o&feature=youtu.be Where I got my RGB light setups SmartLife https://smartlife.com.bd/,https://www.facebook.com/Rafsanthechotobhai/videos/230554305819883/,1.81,rafsan_112,12,18,30,2021-12-08 13:58:41,wednesday,14,0.8792201616737993,7,0.2
11-12-21,7:58:45,"336,078",123827,4544,1717,167471,1359,32712,135,342,3971,We got a chance to meet all the top YouTubers of Bangladesh so not make them do a food review HD : https://youtu.be/wvU0Ok027G8:=:https://www.youtube.com/watch?v=wvU0Ok027G8&feature=youtu.be Iftekhar Rafsan : www.instagram.com/thechotobhai:=:https://www.instagram.com/accounts/login/,https://www.facebook.com/Rafsanthechotobhai/videos/435637821527514/,4.5,rafsan_113,6,23,29,2021-12-11 12:58:45,saturday,13,0.6777610563619593,6,0.5862068965517241
17-12-21,3:30:23,"299,568",82219,5955,1949,93301,1301,111907,189,316,2431,"So I challenged The Bong Guy to a Spicy Korean Noodles challenge for $100,000 Watch on high quality : https://youtu.be/7NAUwsBcqNo:=:https://www.youtube.com/watch?v=7NAUwsBcqNo&feature=youtu.be My Personal Instagram : www.instagram.com/thechotobhai:=:https://www.instagram.com/accounts/login/",https://www.facebook.com/Rafsanthechotobhai/videos/653009446059501/,4.04,rafsan_114,8,22,30,2021-12-17 08:30:23,friday,9,-0.07342739143928,3,0.4666666666666667
21-12-21,7:55:34,"16,833",6357,414,55,9467,55,284,6,11,184,GUYS GUYS GUYS!!! In today‚Äôs episode we FINALLY have a WINNER! I‚Äôm all in for TEAM JB! Who won and who should have won? To know more watch the episode! To watch the full series visit and follow Coca-Cola Bangladesh's Facebook Page. #TheSameConfusion #CupBasket #CokeZero #CocaCola,https://www.facebook.com/Rafsanthechotobhai/videos/445270747256238/,-4.41,rafsan_115,6,23,29,2021-12-21 12:55:34,tuesday,13,0.9398421105226341,7,0.5862068965517241
25-12-21,8:00:57,"139,336",55215,2285,566,77518,492,1367,39,98,1756,We did a Kolkata street food tour around New Market with The Lazy Bong! Watch on HD : https://youtu.be/xPrxE09nDzs:=:https://www.youtube.com/watch?v=xPrxE09nDzs&feature=youtu.be Skincare items from Sini Care Bangladesh https://www.facebook.com/sinicare Iftekhar Rafsan Instagram : www.instagram.com/thechotobhai:=:https://www.instagram.com/accounts/login/,https://www.facebook.com/Rafsanthechotobhai/videos/2997929980537402/,1.88,rafsan_116,4,26,30,2021-12-25 13:00:57,saturday,14,0.9629875722898978,7,0.7333333333333333
30-12-21,8:02:25,"44,157",14855,1129,122,26450,169,861,21,25,525,We did a Barbecue with Sunehra Tasnim and Mr. Absar! (they are kinda bad at it) Watch on HD : https://youtu.be/JgSxyVylG-E:=:https://www.youtube.com/watch?v=JgSxyVylG-E&feature=youtu.be My Personal Instagram : www.instagram.com/thechotobhai:=:https://www.instagram.com/accounts/login/ #JombeBBQ2,https://www.facebook.com/Rafsanthechotobhai/videos/640911363995296/,-1.7,rafsan_117,2,28,30,2021-12-30 13:02:25,thursday,14,0.935332073722862,7,0.8666666666666667
01-01-22,7:00:49,"371,653",95387,5438,1340,41619,1297,223893,169,634,1876,We decided to crash a wedding but firstly let's transform into an old man Watch on HD : https://youtu.be/6VjePD_rmj4:=:https://www.youtube.com/watch?v=6VjePD_rmj4&feature=youtu.be Iftekhar Rafsan : https://www.instagram.com/thechotobhai:=:https://www.instagram.com/accounts/login/ The Filter : https://www.facebook.com/fbcameraeffects/testit/622317362411567/M2RhYjNiYjVkNWI4N2M4MzA5MTVhMmZmZGQzNzFiZDQ=/,https://www.facebook.com/Rafsanthechotobhai/videos/458663875861618/,4.95,rafsan_118,10,20,30,2022-01-01 12:00:49,saturday,13,-0.6675770349700172,1,0.3333333333333333
15-01-22,8:00:23,"54,752",17871,967,217,30608,198,4030,16,22,823,Why 2021 was such an important year for me watch on HD : https://youtu.be/C7ka-UpM_iU:=:https://www.youtube.com/watch?v=C7ka-UpM_iU Iftekhar Rafsan : www.instagram.com/thechotobhai:=:https://www.instagram.com/thechotobhai/,https://www.facebook.com/Rafsanthechotobhai/videos/747652542877206/,-1.39,rafsan_119,1,29,30,2022-01-15 13:00:23,saturday,14,0.7720816875367678,7,0.9333333333333333
18-01-22,9:30:37,"39,504",12773,870,154,24339,165,588,21,74,520,You have to experience Shakrain and this year was really crazy HD : https://youtu.be/k-QI8mL_P-A:=:https://www.youtube.com/watch?v=k-QI8mL_P-A Iftekhar Rafsan: www.instagram.com/thechotobhai:=:https://www.instagram.com/thechotobhai/,https://www.facebook.com/Rafsanthechotobhai/videos/473569434288462/,-1.94,rafsan_120,9,21,30,2022-01-18 14:30:37,tuesday,15,0.9468627222157389,7,0.4
24-01-22,10:00:07,"215,596",43263,4036,761,20316,467,145540,126,224,863,We wanted to check how many fake hajir biryanis we can find in Banijjo Mela 2022 HD : https://youtu.be/FF9bmVkLkbQ:=:https://www.youtube.com/watch?v=FF9bmVkLkbQ Iftekhar Rafsan instagram : https://www.instagram.com/thechotobhai:=:https://www.instagram.com/thechotobhai/,https://www.facebook.com/Rafsanthechotobhai/videos/634541427782990/,2.78,rafsan_121,15,15,30,2022-01-24 15:00:07,monday,16,-0.7415958361188043,1,0.0
28-01-22,10:33:00,"300,133",130953,5715,1739,104148,1589,52518,161,555,2755,We got the top 7 influencers in Bangladesh for a Badminaton tournament and a lot more games! HD : https://youtu.be/XEIYcyQFnbk:=:https://www.youtube.com/watch?v=XEIYcyQFnbk Iftekhar Rafsan Insta : https://www.instagram.com/thechotobhai:=:https://www.instagram.com/thechotobhai/,https://www.facebook.com/Rafsanthechotobhai/videos/675543203801332/,4.08,rafsan_122,5,25,30,2022-01-28 15:33:00,friday,16,0.34167666299791005,5,0.6666666666666666
30-01-22,10:00:31,"108,990",35755,1834,466,68112,429,772,28,64,1530,We decided to try out all the delicacies Puran Dhaka has to offer with my Arab brother HD : https://youtu.be/Aa4LXkKvh4Q:=:https://www.youtube.com/watch?v=Aa4LXkKvh4Q Check out Discover with Joe Hattab @Iftekhar Rafsan Insta : https://www.instagram.com/thechotobhai:=:https://www.instagram.com/thechotobhai/,https://www.facebook.com/Rafsanthechotobhai/videos/650943546153962/,1.41,rafsan_123,4,26,30,2022-01-30 15:00:31,sunday,16,0.9756396701205329,7,0.7333333333333333
13-02-22,9:30:00,"32,370",10545,571,101,20253,93,270,9,7,521,The most basic 3 ingredient recipe to make a cr√®me brule to win your valentine https://youtu.be/p7GUBdzVMaE:=:https://www.youtube.com/watch?v=p7GUBdzVMaE My Instagram : www.instagram.com/thechotobhai:=:https://www.instagram.com/thechotobhai/ #Valentinewithzerocal,https://www.facebook.com/Rafsanthechotobhai/videos/1076212593160510/,-2.4,rafsan_124,4,26,30,2022-02-13 14:30:00,sunday,15,0.9729589183567343,7,0.7333333333333333
14-02-22,9:00:03,"222,278",73551,2936,936,88399,663,52863,87,160,2683,I sold Jhalmuri and Chanachur on Valentine's Day and paid single people to buy our muri HD : https://youtu.be/BLoCzDLPtWA:=:https://www.youtube.com/watch?v=BLoCzDLPtWA Iftekhar Rafsan : www.instagram.com/thechotobhai:=:https://www.instagram.com/thechotobhai/,https://www.facebook.com/Rafsanthechotobhai/videos/266157575652893/,3.24,rafsan_125,2,28,30,2022-02-14 14:00:03,monday,15,0.2667149908529219,5,0.8666666666666667
18-02-22,3:30:16,"154,237",53904,3254,619,92345,267,654,71,66,3057,So i went to Khulna to surprise my dad and the reaction was priceless HD : https://youtu.be/JjGCT2_ZHwQ:=:https://www.youtube.com/watch?v=JjGCT2_ZHwQ Iftekhar Rafsan : www.instagram.com/thechotobhai:=:https://www.instagram.com/thechotobhai/,https://www.facebook.com/Rafsanthechotobhai/videos/469232984670706/,1.97,rafsan_126,1,29,30,2022-02-18 08:30:16,friday,9,0.9835994194484761,7,0.9333333333333333
25-02-22,3:30:07,"84,901",35710,1765,299,42743,261,3109,28,68,918,"I challenged a bodybuilder to an eating competition HD : https://youtu.be/6McGy6PtEk4:=:https://www.youtube.com/watch?v=6McGy6PtEk4 I took this bodybuilder to my most favorite restaurant in Dhaka, it's called Mukta Biriyani house Iftekhar Rafsan : www.instagram.com/thechotobhai:=:https://www.instagram.com/thechotobhai/",https://www.facebook.com/Rafsanthechotobhai/videos/522320465984929/,1.09,rafsan_127,5,25,30,2022-02-25 08:30:07,friday,9,0.8639845523797398,7,0.6666666666666666
05-03-22,6:09:50,"75,179",29284,923,145,42997,205,590,19,42,974,We tried out Halal Bangladeshi food in Nepal Full Video : https://youtu.be/wDNtzqrxGc4:=:https://www.youtube.com/watch?v=wDNtzqrxGc4 Iftekhar Rafsan : www.instagram.com/thechotobhai:=:https://www.instagram.com/thechotobhai/ Edited by Fancy9-,https://www.facebook.com/Rafsanthechotobhai/videos/1377591362683933/,-1.07,rafsan_128,4,26,30,2022-03-05 11:09:50,saturday,12,0.9709550047962165,7,0.7333333333333333
25-03-22,4:33:08,"94,001",30107,1605,228,35239,383,25437,47,87,868,We compared an 1850 Taka burger to a 196 Taka burger HD : https://youtu.be/6zzTx91hHl8:=:https://www.youtube.com/null,https://www.facebook.com/Rafsanthechotobhai/videos/1199855570822915/,1.17,rafsan_129,6,23,29,2022-03-25 09:33:08,friday,10,0.17593980116337152,4,0.5862068965517241
26-03-22,7:00:00,"182,755",79578,2897,611,89921,1173,5795,100,206,2474,We decided to compare a 1000 Jhalmuri to a 10 taka Jhalmuri HD : https://youtu.be/Pq-XHK5ZMII:=:https://www.youtube.com/watch?v=Pq-XHK5ZMII Iftekhar Rafsan : www.instagram.com/thechotobhai:=:https://www.instagram.com/thechotobhai/,https://www.facebook.com/Rafsanthechotobhai/videos/4974294749315080/,2.27,rafsan_130,14,45,59,2022-03-26 12:00:00,saturday,13,0.8775747724969649,7,0.5254237288135594
08-04-22,8:29:28,"394,406",109959,9617,2671,254908,348,1383,3073,170,12277,Takeout's Unlimited offer with a Rickshawala Mama HD : https://youtu.be/HbJivLtb5_c:=:https://www.youtube.com/watch?v=HbJivLtb5_c Iftekhar Rafsan : www.instagram.com/thechotobhai:=:https://www.instagram.com/thechotobhai/,https://www.facebook.com/Rafsanthechotobhai/videos/1182301319275212/,5.84,rafsan_131,1,28,29,2022-04-08 13:29:28,friday,14,0.966005166097759,7,0.9310344827586207
23-04-22,8:53:03,"155,570",69028,2850,501,77683,298,2832,110,128,2140,So my MOM did a food review at Al-Razzak! And they got soo mad! HD : https://youtu.be/UXZh6DPvOkk:=:https://www.youtube.com/watch?v=UXZh6DPvOkk Iftekhar Rafsan : https://www.instagram.com/thechotobhai:=:https://www.instagram.com/thechotobhai/,https://www.facebook.com/Rafsanthechotobhai/videos/413726640568512/,2.01,rafsan_132,10,49,59,2022-04-23 13:53:03,saturday,14,0.926193939248236,7,0.6610169491525424
20-05-22,7:13:41,"91,932",44277,1362,397,33817,403,10623,24,55,974,We checked out the fish market at Mawa ferry ghat with Khalid Al Ameri HD : https://youtu.be/Dk1teHCJLS0:=:https://www.youtube.com/watch?v=Dk1teHCJLS0 Iftekhar Rafsan : www.instagram.com/thechotobhai:=:https://www.instagram.com/thechotobhai/,https://www.facebook.com/Rafsanthechotobhai/videos/5469266486452072/,1.2,rafsan_133,13,45,58,2022-05-20 12:13:41,friday,13,0.5336412759281854,6,0.5517241379310345
28-05-22,7:00:34,"432,821",172874,8753,7061,168570,67252,3355,340,169,4447,"We give you a look inside the world's only 7 Star Hotel, the Burj Al Arab. It costs an astounding $25,000 per night HD : https://youtu.be/FFLNcuRytH4:=:https://www.youtube.com/watch?v=FFLNcuRytH4",https://www.facebook.com/Rafsanthechotobhai/videos/704160810635847/,6.4,rafsan_134,5,54,59,2022-05-28 12:00:34,saturday,13,0.9683451233548926,7,0.8305084745762712
02-06-22,7:00:03,"73,008",32680,883,284,37678,216,329,14,31,893,So my friend Discover with Joe HaTTab took me to the world's greatest kebab shop HD : https://youtu.be/xepPmcE0uLU:=:https://www.youtube.com/watch?v=xepPmcE0uLU,https://www.facebook.com/Rafsanthechotobhai/videos/605935354195977/,-1.03,rafsan_135,7,52,59,2022-06-02 12:00:03,thursday,13,0.9808993641633258,7,0.7627118644067796
03-06-22,5:16:17,"42,455",17114,1441,251,22568,120,413,26,20,502,"So we Tried Al-Baik in Bangladesh and Dubai at the same time, Al-Baik in Bangladesh Fake? HD : https://youtu.be/Ql0Yk2s78WQ:=:https://www.youtube.com/null",https://www.facebook.com/Rafsanthechotobhai/videos/3118762058386926/,-1.77,rafsan_136,9,50,59,2022-06-03 10:16:17,friday,11,0.9611822910059622,7,0.6949152542372882
10-06-22,4:30:00,"267,856",99801,5117,1672,153153,2210,1090,80,79,4654,"Epic street food tour in Turkey, I've never had food this good in my life HD : https://youtu.be/5Hw7BkLDllk:=:https://www.youtube.com/watch?v=5Hw7BkLDllk Iftekhar Rafsan : www.instagram.com/thechotobhai:=:https://www.instagram.com/thechotobhai/ Edited by Fancy9-",https://www.facebook.com/Rafsanthechotobhai/videos/555586939378570/,3.68,rafsan_137,7,52,59,2022-06-10 09:30:00,friday,10,0.984510064117669,7,0.7627118644067796
15-06-22,7:02:42,"54,932",22104,1450,183,29830,213,342,17,16,777,"We do a 100$ street food challenge in Taksim Square, Turkey HD : https://youtu.be/GZwrAw1awLk:=:https://www.youtube.com/watch?v=GZwrAw1awLk",https://www.facebook.com/Rafsanthechotobhai/videos/1072956366643195/,-1.32,rafsan_138,1,28,29,2022-06-15 12:02:42,wednesday,13,0.9759576855265267,7,0.9310344827586207
17-06-22,4:42:04,"57,721",24001,1876,195,23914,1308,5807,52,55,513,The World famous Biryani Dance at Czn Burak's restaurant in Istanbul HD : https://youtu.be/Qqq_DuM9xQM:=:https://www.youtube.com/watch?v=Qqq_DuM9xQM Iftekhar Rafsan : www.instagram.com/thechotobhai:=:https://www.instagram.com/thechotobhai/,https://www.facebook.com/Rafsanthechotobhai/videos/1028492397776862/,-1.26,rafsan_139,8,21,29,2022-06-17 09:42:04,friday,10,0.6262757117128503,6,0.4482758620689655
05-07-22,10:11:15,"105,429",44296,3414,599,54520,294,799,38,70,1399,I decided to explore and try out the hidden delicacies of Rajshahi HD : https://youtu.be/2n3jmMLnLIw:=:https://www.youtube.com/watch?v=2n3jmMLnLIw Iftekhar Rafsan : www.instagram.com/thechotobhai:=:https://www.instagram.com/thechotobhai/ #RealMagicWithCoke&Meal,https://www.facebook.com/Rafsanthechotobhai/videos/361597846091545/,1.49,rafsan_140,13,46,59,2022-07-05 15:11:15,tuesday,16,0.9682422969187675,7,0.559322033898305
08-07-22,8:58:47,"147,264",61456,2433,762,78580,1145,548,33,52,2255,Today I will show you what a Rajshahi family eats for lunch everyday HD : https://youtu.be/O5kRLIjINbY:=:https://www.youtube.com/watch?v=O5kRLIjINbY Iftekhar Rafsan: https://www.instagram.com/thechotobhai:=:https://www.instagram.com/thechotobhai/ #RealMagicWithCoke&Meal,https://www.facebook.com/Rafsanthechotobhai/videos/2279323435556059/,2.08,rafsan_141,7,22,29,2022-07-08 13:58:47,friday,14,0.9846755353273697,7,0.5172413793103449
14-07-22,9:00:03,"39,537",17379,696,113,20410,199,193,14,13,520,"In this episode, we compared kebabs at 2 price points, one's a roadside restaurant and the other is by the world-famous chef, CZN Burak. If this episode doesn't make you hungry I don't know what will make you hungry First Location : Durumler, Eminonu, Istanbul Second Location : Al Madina Restaurant, Taksim Square, ƒ∞stanbul HD : https://youtu.be/Qqq_DuM9xQM:=:https://www.youtube.com/watch?v=Qqq_DuM9xQM",https://www.facebook.com/Rafsanthechotobhai/videos/752941539083966/,-1.8,rafsan_142,5,24,29,2022-07-14 14:00:03,thursday,15,0.9793901353693382,7,0.6551724137931034
20-07-22,6:05:27,"148,521",72808,2001,478,65510,339,5582,31,61,1711,I challenge Tawhid Afridi to a cooking competition in Maldives HD : https://youtu.be/kDr7s6v2k7I:=:https://www.youtube.com/watch?v=kDr7s6v2k7I Iftekhar Rafsan : www.instagram.com/thechotobhai:=:https://www.instagram.com/thechotobhai/ We cook some steaks at the President Resort as well as our regular shenanigans!,https://www.facebook.com/Rafsanthechotobhai/videos/593783525684328/,2.14,rafsan_143,2,27,29,2022-07-20 11:05:27,wednesday,12,0.8450446513914303,7,0.8620689655172413
21-08-22,9:00:18,"114,752",34914,3582,666,22793,457,51053,87,506,694,"Extreme 500,000 Taka Musicial Chairs tournament with Bangladeshi YouTubers Toggi Fun World HD : https://youtu.be/UuqzWiBHHDs:=:https://www.youtube.com/watch?v=UuqzWiBHHDs Iftekhar Rafsan : www.instagram.com/thechotobhai:=:https://www.instagram.com/thechotobhai/ #ToggiFunWorld #FeelTheThrill",https://www.facebook.com/Rafsanthechotobhai/videos/805573530442804/,1.67,rafsan_144,14,15,29,2022-08-21 14:00:18,sunday,15,-0.36647704722846935,2,0.034482758620689655
26-08-22,4:39:49,"17,277",7043,593,57,9112,91,105,4,11,261,We Tried the national dish of Malaysia at 3 different price points HD : https://youtu.be/TEvK7c1ng6c:=:https://www.youtube.com/watch?v=TEvK7c1ng6c Iftekhar Rafsan : www.instagram.com/thechotobhai:=:https://www.instagram.com/thechotobhai/,https://www.facebook.com/Rafsanthechotobhai/videos/749521179639269/,-3.98,rafsan_145,5,24,29,2022-08-26 09:39:49,friday,10,0.9749582637729549,7,0.6551724137931034
27-08-22,9:28:01,"95,374",47632,1730,329,31751,1390,11434,52,130,926,World's most expensive steak in Malaysia üá≤üáæ This meat is only produced in üáØüáµ HD : https://youtu.be/NNZGoEuVhIc:=:https://www.youtube.com/watch?v=NNZGoEuVhIc,https://www.facebook.com/Rafsanthechotobhai/videos/792481782181082/,1.39,rafsan_146,17,42,59,2022-08-27 14:28:01,saturday,15,0.4914519624367927,5,0.423728813559322
03-09-22,7:22:02,"19,886",8975,648,133,8584,106,1171,4,8,257,"the most epic street food tour of Malaysia, in the heart of Jalan Alor HD : https://youtu.be/d6vttyesjYI:=:https://www.youtube.com/watch?v=d6vttyesjYI",https://www.facebook.com/Rafsanthechotobhai/videos/622307282803634/,-3.42,rafsan_147,4,25,29,2022-09-03 12:22:02,saturday,13,0.766436327739388,7,0.7241379310344828
08-09-22,10:33:22,"229,820",114533,5022,1801,73976,1623,30288,113,243,2221,"We compared a 150,000 taka hotel to a 800 taka hotel in Cox's Bazaar HD : https://youtu.be/5ls1fWwTtz8:=:https://www.youtube.com/watch?v=5ls1fWwTtz8",https://www.facebook.com/Rafsanthechotobhai/videos/2258620440954562/,3.35,rafsan_148,21,38,59,2022-09-08 15:33:22,thursday,16,0.4349461572503319,5,0.288135593220339
15-09-22,7:31:50,"65,792",29338,1513,238,32998,193,630,19,24,839,Cox's Bazaar Epic Food Tour HD : https://youtu.be/d0Tkx5vP_z8:=:https://www.youtube.com/watch?v=d0Tkx5vP_z8,https://www.facebook.com/Rafsanthechotobhai/videos/3185856498296721/,-1.02,rafsan_149,7,52,59,2022-09-15 12:31:50,thursday,13,0.9612137279197764,7,0.7627118644067796
01-10-22,6:59:44,"105,217",47319,1662,407,51902,1317,1192,32,44,1342,Japanese Teppanyaki by MasterChef with Amazing Skills HD : https://youtu.be/j2WnaKXAF0s:=:https://www.youtube.com/watch?v=j2WnaKXAF0s Iftekhar Rafsan : www.instagram.com/thechotobhai:=:https://www.instagram.com/thechotobhai/,https://www.facebook.com/Rafsanthechotobhai/videos/635563477966369/,1.54,rafsan_150,5,24,29,2022-10-01 11:59:44,saturday,12,0.9545755790001612,7,0.6551724137931034
02-12-22,4:35:05,"27,574",10827,1273,67,14715,83,118,21,5,465,Trying the DragonballZ burger in Japan üáØüáµ,https://www.facebook.com/Rafsanthechotobhai/videos/665783941949165/,-2.49,rafsan_151,8,21,29,2022-12-02 09:35:05,friday,10,0.9813071980268709,7,0.4482758620689655
24-12-22,6:00:05,"25,783",10242,938,83,13667,162,186,6,18,481,Unique street food in Tokyo üáØüáµ HD : https://youtu.be/pAXW4do-paw:=:https://www.youtube.com/watch?v=pAXW4do-paw,https://www.facebook.com/Rafsanthechotobhai/videos/610652480827831/,-2.67,rafsan_152,7,52,59,2022-12-24 11:00:05,saturday,12,0.9710743801652892,7,0.7627118644067796
28-12-22,10:00:08,"454,058",164043,8217,2058,253449,844,1343,71,65,23968,Making my Korean Friend Daud Kim try Fuchka for the first time HD : https://youtu.be/AlfXYaiAv68:=:https://www.youtube.com/watch?v=AlfXYaiAv68,https://www.facebook.com/Rafsanthechotobhai/videos/1858027427899810/,6.6,rafsan_153,10,49,59,2022-12-28 15:00:08,wednesday,16,0.9894258954743691,7,0.6610169491525424
30-12-22,3:46:54,"176,500",66156,4476,546,92363,659,5235,120,68,6877,Spicy Korean Noodles Challenge with Daud Kim HD: https://youtu.be/UwXPtOa_4CY:=:https://www.youtube.com/watch?v=UwXPtOa_4CY,https://www.facebook.com/Rafsanthechotobhai/videos/719275723196068/,2.57,rafsan_154,15,44,59,2022-12-30 08:46:54,friday,9,0.8970205655038833,7,0.4915254237288136
